"Distribution of cumulative catch (number of fish per time step of saving) by Size class (cm). Class i designates interval [i,i+1[."
"Time","Size","AtlanticHerring","AtlanticMackerel","BlackSeaBass","Scup","SpinyDogfish","StripedBass","Goosefish","Haddock","WinterFlounder","Squids","Flounders","SkateRays","Hakes","Benthopelagics","MiscellaneousDemersals","ShallowDemersal","WhitePerch","AtlanticTomcod"
1.0,0.0,0.0,0.0,0.0,0.0,0.0,0.0,0.0,0.0,0.0,0.0,0.0,0.0,0.0,3.3404992E7,0.0,0.0,0.0,0.0
1.0,10.0,466847.84,0.0,0.0,0.0,0.0,0.0,0.0,0.0,0.0,1408822.4,0.0,0.0,0.0,1.7710422E7,725491.56,0.0,0.0,0.0
1.0,20.0,353520.06,479642.1,0.0,3480.2998,0.0,0.0,0.0,0.0,0.0,1046198.0,0.0,0.0,4945998.0,0.0,3192625.8,12314.104,0.0,0.0
1.0,30.0,8178.5225,2.8578152E7,0.0,6160.202,0.0,0.0,0.0,0.0,261890.89,213.76138,0.0,296521.3,5390195.0,0.0,2326262.8,0.23792861,0.0,0.0
1.0,40.0,0.0,1442625.9,1120.7345,0.0,0.0,0.0,96.88873,4.674506E-4,173841.84,0.0,2776.5466,1674515.9,4424407.0,0.0,1126646.9,0.0,0.0,0.0
1.0,50.0,0.0,0.0,1430.3729,0.0,2281.6587,0.0,264.30652,5.0549576E-4,2555.051,0.0,390732.66,1322010.9,0.0,0.0,195557.58,0.0,0.0,0.0
1.0,60.0,0.0,0.0,0.0,0.0,2177.6533,0.0,254.98346,0.0,0.0,0.0,307247.12,0.0,0.0,0.0,2.240128,0.0,0.0,0.0
1.0,70.0,0.0,0.0,0.0,0.0,1806.4205,2567.5945,235.90614,0.0,0.0,0.0,104495.34,0.0,0.0,0.0,0.0,0.0,0.0,0.0
1.0,80.0,0.0,0.0,0.0,0.0,1746.4128,1511.9924,166.31941,0.0,0.0,0.0,56996.5,0.0,0.0,0.0,0.0,0.0,0.0,0.0
1.0,90.0,0.0,0.0,0.0,0.0,1816.3202,475.02936,119.18332,0.0,0.0,0.0,46913.605,0.0,0.0,0.0,0.0,0.0,0.0,0.0
1.0,100.0,0.0,0.0,0.0,0.0,2013.6113,12.602633,85.405,0.0,0.0,0.0,29867.287,0.0,0.0,0.0,0.0,0.0,0.0,0.0
1.0,110.0,0.0,0.0,0.0,0.0,2672.7766,0.0,60.384007,0.0,0.0,0.0,34232.906,0.0,0.0,0.0,0.0,0.0,0.0,0.0
1.0,120.0,0.0,0.0,0.0,0.0,0.0,0.0,82.42573,0.0,0.0,0.0,53596.395,0.0,0.0,0.0,0.0,0.0,0.0,0.0
2.0,0.0,0.0,0.0,0.0,0.0,0.0,0.0,0.0,0.0,0.0,0.0,0.0,0.0,0.0,1548265.4,0.0,0.0,0.0,0.0
2.0,10.0,650111.56,0.0,0.0,0.0,0.0,0.0,0.0,0.0,0.0,1087375.4,0.0,0.0,0.0,6516047.0,1092754.1,0.0,0.0,0.0
2.0,20.0,249745.47,2158486.0,0.0,0.04799897,0.0,0.0,0.0,0.0,0.0,320439.4,0.0,0.0,2.7218862,0.0,1633593.9,0.41424972,0.0,0.0
2.0,30.0,25.311718,7897713.0,0.0,6.306967,0.0,0.0,0.0,0.0,89896.766,12490.93,0.0,4915.4272,0.0,0.0,1431575.9,3615.1333,0.0,0.0
2.0,40.0,0.0,5765952.5,0.0,0.0,0.0,0.0,0.27673882,0.0,143368.27,0.0,0.0,100185.78,0.0,0.0,1483320.9,0.0,0.0,0.0
2.0,50.0,0.0,19626.238,14.852262,0.0,3225.2805,0.0,4.5401926,0.0,128653.98,0.0,296769.28,632806.5,0.0,0.0,396737.66,0.0,0.0,0.0
2.0,60.0,0.0,0.0,0.0,0.0,1961.5026,0.0,38.651165,0.0,13198.554,0.0,251773.47,0.0,0.0,0.0,1969.1292,0.0,0.0,0.0
2.0,70.0,0.0,0.0,0.0,0.0,2149.658,8289.875,115.38464,0.0,0.0,0.0,202023.14,0.0,0.0,0.0,0.0,0.0,0.0,0.0
2.0,80.0,0.0,0.0,0.0,0.0,1715.0054,5054.4507,169.77605,0.0,0.0,0.0,77648.555,0.0,0.0,0.0,0.0,0.0,0.0,0.0
2.0,90.0,0.0,0.0,0.0,0.0,1785.1608,1466.2467,134.48863,0.0,0.0,0.0,67225.56,0.0,0.0,0.0,0.0,0.0,0.0,0.0
2.0,100.0,0.0,0.0,0.0,0.0,1995.2502,27.460938,106.34568,0.0,0.0,0.0,49426.137,0.0,0.0,0.0,0.0,0.0,0.0,0.0
2.0,110.0,0.0,0.0,0.0,0.0,2622.5222,0.0,79.91247,0.0,0.0,0.0,11751.08,0.0,0.0,0.0,0.0,0.0,0.0,0.0
2.0,120.0,0.0,0.0,0.0,0.0,0.0,0.0,112.89136,0.0,0.0,0.0,77861.664,0.0,0.0,0.0,0.0,0.0,0.0,0.0
3.0,0.0,0.0,0.0,0.0,0.0,0.0,0.0,0.0,0.0,0.0,0.0,0.0,0.0,0.0,0.0,0.0,0.0,0.0,0.0
3.0,10.0,378618.12,0.0,0.0,0.0,0.0,0.0,0.0,0.0,0.0,1416536.0,0.0,0.0,0.0,0.0,498509.4,0.0,0.0,0.0
3.0,20.0,193291.55,660316.4,0.0,0.0,0.0,0.0,0.0,0.0,0.0,432380.6,0.0,0.0,0.0,0.0,590999.44,0.0,0.0,0.0
3.0,30.0,0.0,4012567.8,0.0,0.0,0.0,0.0,0.0,0.0,55697.742,13811.5,0.0,0.0,0.0,0.0,780911.0,1779.3434,0.0,0.0
3.0,40.0,0.0,2432839.0,0.0,0.0,0.0,0.0,0.0,0.0,54592.387,0.0,97.792,203.37422,0.0,0.0,1019151.1,138.48701,0.0,0.0
3.0,50.0,0.0,89680.89,0.0,0.0,2770.5095,0.0,0.0,0.0,122299.17,0.0,144729.77,149901.45,0.0,0.0,368334.94,0.0,0.0,0.0
3.0,60.0,0.0,2141.632,0.0,0.0,1442.7313,0.0,0.75365365,0.0,52877.785,0.0,146026.48,0.0,0.0,0.0,3646.0256,0.0,0.0,0.0
3.0,70.0,0.0,0.0,0.0,0.0,2087.4038,1201.2286,7.373004,0.0,7438.831,0.0,168646.52,0.0,0.0,0.0,1.1245664,0.0,0.0,0.0
3.0,80.0,0.0,0.0,0.0,0.0,1874.4182,8297.026,57.038498,0.0,0.0,0.0,57733.4,0.0,0.0,0.0,0.0,0.0,0.0,0.0
3.0,90.0,0.0,0.0,0.0,0.0,1766.3197,10669.17,96.58998,0.0,0.0,0.0,53027.184,0.0,0.0,0.0,0.0,0.0,0.0,0.0
3.0,100.0,0.0,0.0,0.0,0.0,1942.5187,226.15657,89.96292,0.0,0.0,0.0,24283.7,0.0,0.0,0.0,0.0,0.0,0.0,0.0
3.0,110.0,0.0,0.0,0.0,0.0,2624.744,0.0,84.27543,0.0,0.0,0.0,16343.859,0.0,0.0,0.0,0.0,0.0,0.0,0.0
3.0,120.0,0.0,0.0,0.0,0.0,0.0,0.0,134.96758,0.0,0.0,0.0,52972.516,0.0,0.0,0.0,0.0,0.0,0.0,0.0
4.0,0.0,0.0,0.0,0.0,0.0,0.0,0.0,0.0,0.0,0.0,0.0,0.0,0.0,0.0,0.0,0.0,0.0,0.0,0.0
4.0,10.0,937025.5,0.0,0.0,0.0,0.0,0.0,0.0,0.0,0.0,2112366.8,0.0,0.0,0.0,0.0,140153.98,0.0,0.0,0.0
4.0,20.0,324363.34,711311.06,0.0,742.14606,0.0,0.0,0.0,0.0,0.0,653530.94,0.0,0.0,0.0,0.0,171832.4,0.0,0.0,0.0
4.0,30.0,0.0,2388464.2,0.0,0.0,0.0,0.0,0.0,0.0,29871.77,21396.574,0.0,0.0,0.0,0.0,426337.66,0.0,0.0,0.0
4.0,40.0,0.0,982385.3,0.0,0.0,0.0,0.0,0.0,0.0,73209.21,0.0,6850.209,0.0,0.0,0.0,735562.44,898.5185,0.0,0.0
4.0,50.0,0.0,417797.72,0.0,0.0,478.10254,0.0,0.0,0.0,99384.18,0.0,27769.318,27871.33,0.0,0.0,340129.44,0.0,0.0,0.0
4.0,60.0,0.0,11315.439,0.0,0.0,1797.3304,0.0,0.0,0.0,58522.656,0.0,89248.35,0.15978886,0.0,0.0,5752.908,0.0,0.0,0.0
4.0,70.0,0.0,259.53427,0.0,0.0,1444.9375,23.23176,0.09612021,0.0,19535.664,0.0,121364.22,0.0,0.0,0.0,44.17922,0.0,0.0,0.0
4.0,80.0,0.0,0.0,0.0,0.0,2183.3767,995.5378,4.309681,0.0,461.60898,0.0,50740.04,0.0,0.0,0.0,0.0,0.0,0.0,0.0
4.0,90.0,0.0,0.0,0.0,0.0,1609.1234,5210.728,28.258698,0.0,0.0,0.0,33631.926,0.0,0.0,0.0,0.0,0.0,0.0,0.0
4.0,100.0,0.0,0.0,0.0,0.0,1940.0851,11643.893,53.896854,0.0,0.0,0.0,9473.162,0.0,0.0,0.0,0.0,0.0,0.0,0.0
4.0,110.0,0.0,0.0,0.0,0.0,2584.3154,566.8131,73.20684,0.0,0.0,0.0,17178.77,0.0,0.0,0.0,0.0,0.0,0.0,0.0
4.0,120.0,0.0,0.0,0.0,0.0,0.0,0.021487901,139.44215,0.0,0.0,0.0,37590.543,0.0,0.0,0.0,0.0,0.0,0.0,0.0
5.0,0.0,0.0,0.0,0.0,0.0,0.0,0.0,0.0,0.0,0.0,0.0,0.0,0.0,0.0,0.0,0.0,0.0,0.0,0.0
5.0,10.0,2567451.0,0.0,0.0,0.0,0.0,0.0,0.0,0.0,0.0,2339816.8,0.0,0.0,0.0,0.0,61.798325,0.0,0.0,0.0
5.0,20.0,455325.25,618842.1,0.0,3071.372,0.0,0.0,0.0,0.0,0.0,687905.56,0.0,0.0,0.0,0.0,54738.027,0.054580353,0.0,0.0
5.0,30.0,30497.85,1862061.6,0.0,0.0,0.0,0.0,0.0,0.0,42857.383,16702.83,0.0,0.0,0.0,0.0,184767.58,0.007304541,0.0,0.0
5.0,40.0,0.0,588144.06,0.0,0.0,0.0,0.0,0.0,0.0,57959.54,0.0,0.0,0.0,0.0,0.0,493676.38,164.38258,0.0,0.0
5.0,50.0,0.0,344724.1,0.0,0.0,0.0,0.0,0.0,0.0,79333.92,0.0,22842.475,3509.5273,0.0,0.0,302366.44,0.0,0.0,0.0
5.0,60.0,0.0,24089.557,0.0,0.0,985.89996,0.0,0.0,0.0,74233.51,0.0,87164.43,460.53882,0.0,0.0,9347.1875,0.0,0.0,0.0
5.0,70.0,0.0,391.09528,0.0,0.0,1116.2982,9.528555,0.0,0.0,21425.031,0.0,77587.266,0.0,0.0,0.0,5.173422,0.0,0.0,0.0
5.0,80.0,0.0,0.0,0.0,0.0,1873.4198,0.0,0.007168004,0.0,942.5709,0.0,32309.23,0.0,0.0,0.0,0.0,0.0,0.0,0.0
5.0,90.0,0.0,0.0,0.0,0.0,1812.2755,948.15936,2.825724,0.0,0.0,0.0,22751.63,0.0,0.0,0.0,0.0,0.0,0.0,0.0
5.0,100.0,0.0,0.0,0.0,0.0,1939.0769,7799.5757,22.057365,0.0,0.0,0.0,8648.654,0.0,0.0,0.0,0.0,0.0,0.0,0.0
5.0,110.0,0.0,0.0,0.0,0.0,2678.208,6888.1304,52.708878,0.0,0.0,0.0,12467.175,0.0,0.0,0.0,0.0,0.0,0.0,0.0
5.0,120.0,0.0,0.0,0.0,0.0,0.0,842.696,135.29884,0.0,0.0,0.0,24541.684,0.0,0.0,0.0,0.0,0.0,0.0,0.0
6.0,0.0,0.0,0.0,0.0,0.0,0.0,0.0,0.0,0.0,0.0,0.0,0.0,0.0,0.0,0.0,0.0,0.0,0.0,0.0
6.0,10.0,2548941.5,0.0,0.0,0.0,0.0,0.0,0.0,0.0,0.0,3118848.2,0.0,0.0,0.0,0.0,72.98121,0.0,0.0,0.0
6.0,20.0,1352461.6,330233.4,0.0,4629.894,0.0,0.0,0.0,0.0,0.0,743063.5,0.0,0.0,0.0,0.0,13416.459,0.0,0.0,0.0
6.0,30.0,22949.986,1169169.2,0.0,0.0,0.0,0.0,0.0,0.0,87819.625,11778.762,0.0,0.0,0.0,0.0,73794.36,0.0,0.0,0.0
6.0,40.0,0.0,358463.6,0.0,0.0,0.0,0.0,476.0551,0.0,45493.34,0.0,8677.581,0.0,0.0,0.0,294033.0,1.6888852,0.0,0.0
6.0,50.0,0.0,393970.47,0.0,0.0,0.0,0.0,0.0,0.0,88437.3,0.0,20123.438,154.69514,0.0,0.0,299760.28,0.0,0.0,0.0
6.0,60.0,0.0,52011.76,0.0,0.0,117.74881,0.0,0.0,0.0,73030.56,0.0,58010.46,12.214111,0.0,0.0,14448.269,0.0,0.0,0.0
6.0,70.0,0.0,1306.7135,0.0,0.0,1073.39,631.6059,0.0,0.0,21421.777,0.0,45482.434,0.0,0.0,0.0,152.63751,0.0,0.0,0.0
6.0,80.0,0.0,0.0,0.0,0.0,1112.371,1474.2557,0.0,0.0,2145.2544,0.0,20884.469,0.0,0.0,0.0,0.0,0.0,0.0,0.0
6.0,90.0,0.0,0.0,0.0,0.0,2084.9436,139.80852,0.08159582,0.0,0.0,0.0,14030.03,0.0,0.0,0.0,0.0,0.0,0.0,0.0
6.0,100.0,0.0,0.0,0.0,0.0,1801.1622,1889.2004,5.0684204,0.0,0.0,0.0,7582.2764,0.0,0.0,0.0,0.0,0.0,0.0,0.0
6.0,110.0,0.0,0.0,0.0,0.0,2765.072,9025.754,31.001945,0.0,0.0,0.0,8033.127,0.0,0.0,0.0,0.0,0.0,0.0,0.0
6.0,120.0,0.0,0.0,0.0,0.0,0.0,4549.474,125.26824,0.0,0.0,0.0,15753.839,0.0,0.0,0.0,0.0,0.0,0.0,0.0
7.0,0.0,0.0,0.0,0.0,0.0,0.0,0.0,0.0,0.0,0.0,0.0,0.0,0.0,0.0,0.0,0.0,0.0,0.0,0.0
7.0,10.0,5430007.0,0.0,0.0,0.0,0.0,0.0,0.0,0.0,0.0,3496945.5,0.0,0.0,0.0,0.0,7.2657514,0.0,0.0,0.0
7.0,20.0,552321.94,33989.45,0.0,2140.0527,0.0,0.0,0.0,0.0,0.0,886442.2,0.0,0.0,0.0,0.0,19885.346,0.0,0.0,0.0
7.0,30.0,431.47443,762550.44,0.0,1862.875,0.0,0.0,0.0,0.0,38559.29,21177.512,0.0,0.0,0.0,0.0,38577.453,0.0,0.0,0.0
7.0,40.0,47.01961,480626.94,0.0,0.0,0.0,0.0,62.750435,0.0,119783.375,0.0,0.0,0.0,0.0,0.0,149352.92,0.0,0.0,0.0
7.0,50.0,0.0,267233.5,0.0,0.0,0.0,0.0,217.22873,0.0,86076.95,0.0,16716.693,0.0,0.0,0.0,268495.28,0.0,0.0,0.0
7.0,60.0,0.0,112093.484,0.0,0.0,0.0,0.0,0.0,0.0,72472.35,0.0,37068.33,0.0,0.0,0.0,16588.068,0.0,0.0,0.0
7.0,70.0,0.0,4796.817,0.0,0.0,568.8672,6791.1904,0.0,0.0,17395.086,0.0,32258.684,0.0,0.0,0.0,626.5082,0.0,0.0,0.0
7.0,80.0,0.0,0.0,0.0,0.0,776.19434,4480.692,0.0,0.0,4695.545,0.0,17559.543,0.0,0.0,0.0,0.0,0.0,0.0,0.0
7.0,90.0,0.0,0.0,0.0,0.0,1693.8984,1275.0214,0.0,0.0,0.0,0.0,10766.437,0.0,0.0,0.0,0.0,0.0,0.0,0.0
7.0,100.0,0.0,0.0,0.0,0.0,1813.8163,701.385,0.39988294,0.0,0.0,0.0,5048.8726,0.0,0.0,0.0,0.0,0.0,0.0,0.0
7.0,110.0,0.0,0.0,0.0,0.0,3038.831,3643.8743,14.992278,0.0,0.0,0.0,5627.227,0.0,0.0,0.0,0.0,0.0,0.0,0.0
7.0,120.0,0.0,0.0,0.0,0.0,0.0,9811.382,113.36671,0.0,0.0,0.0,11285.569,0.0,0.0,0.0,0.0,0.0,0.0,0.0
8.0,0.0,0.0,0.0,0.0,0.0,0.0,0.0,0.0,0.0,0.0,0.0,0.0,0.0,0.0,0.0,0.0,0.0,0.0,0.0
8.0,10.0,5430804.5,0.0,0.0,0.0,0.0,0.0,0.0,0.0,0.0,4179781.8,0.0,0.0,0.0,0.0,1.1723483,0.0,0.0,0.0
8.0,20.0,887088.7,12422.79,0.0,1000.48663,0.0,0.0,0.0,0.0,0.0,870088.4,0.0,0.0,0.0,0.0,6310.0586,0.0,0.0,0.0
8.0,30.0,14941.226,383845.3,0.0,2409.1836,0.0,0.0,0.0,0.0,57389.887,15684.721,0.0,0.0,0.0,0.0,13747.3545,0.0,0.0,0.0
8.0,40.0,0.0,551051.0,0.0,0.0,0.0,0.0,5342.6133,0.0,79296.52,0.0,0.0,0.0,0.0,0.0,66463.79,0.0,0.0,0.0
8.0,50.0,0.0,278854.62,0.0,0.0,0.0,0.0,216.71117,0.0,135550.1,0.0,8980.839,0.0,0.0,0.0,181105.88,0.0,0.0,0.0
8.0,60.0,0.0,80425.17,0.0,0.0,0.0,0.0,15.192656,0.0,81076.61,0.0,20004.45,0.0,0.0,0.0,24628.756,0.0,0.0,0.0
8.0,70.0,0.0,8774.495,0.0,0.0,89.57851,17396.39,0.0,0.0,18847.809,0.0,19012.586,0.0,0.0,0.0,1148.399,0.0,0.0,0.0
8.0,80.0,0.0,0.0,0.0,0.0,754.7807,10584.842,0.0,0.0,6888.055,0.0,11771.807,0.0,0.0,0.0,0.0,0.0,0.0,0.0
8.0,90.0,0.0,0.0,0.0,0.0,987.60724,2360.2922,0.0,0.0,0.0,0.0,6216.8193,0.0,0.0,0.0,0.0,0.0,0.0,0.0
8.0,100.0,0.0,0.0,0.0,0.0,1927.923,1289.4773,0.009697433,0.0,0.0,0.0,3236.055,0.0,0.0,0.0,0.0,0.0,0.0,0.0
8.0,110.0,0.0,0.0,0.0,0.0,3194.817,2414.718,5.9925094,0.0,0.0,0.0,3476.6375,0.0,0.0,0.0,0.0,0.0,0.0,0.0
8.0,120.0,0.0,0.0,0.0,0.0,5.2420144,10914.098,97.934906,0.0,0.0,0.0,7197.314,0.0,0.0,0.0,0.0,0.0,0.0,0.0
9.0,0.0,0.0,0.0,0.0,0.0,0.0,0.0,0.0,0.0,0.0,0.0,0.0,0.0,0.0,0.0,0.0,0.0,0.0,0.0
9.0,10.0,4317666.0,0.0,0.0,0.0,0.0,0.0,0.0,0.0,0.0,3802272.2,0.0,0.0,0.0,0.0,2.8361552,0.0,0.0,0.0
9.0,20.0,1120050.4,8.641101,0.0,23330.092,0.0,0.0,0.0,0.0,0.0,920922.4,0.0,0.0,0.0,0.0,4634.739,0.0,0.0,0.0
9.0,30.0,31560.074,431036.5,0.0,4194.1934,0.0,0.0,0.0,0.0,104259.61,19267.826,0.0,0.0,0.0,0.0,3058.7327,0.0,0.0,0.0
9.0,40.0,0.0,787766.7,0.0,0.0,0.0,0.0,11635.826,0.0,120016.41,0.0,0.0,0.0,0.0,0.0,5897.4053,0.0,0.0,0.0
9.0,50.0,0.0,350703.38,0.0,0.0,0.0,0.0,3264.9138,0.0,125346.68,0.0,4122.872,0.0,0.0,0.0,77374.78,0.0,0.0,0.0
9.0,60.0,0.0,48754.336,0.0,0.0,0.0,0.0,183.67654,0.0,92129.86,0.0,12720.075,0.0,0.0,0.0,36069.387,0.0,0.0,0.0
9.0,70.0,0.0,20846.197,0.0,0.0,0.0,16174.895,0.0,0.0,24948.838,0.0,13432.917,0.0,0.0,0.0,1693.4231,0.0,0.0,0.0
9.0,80.0,0.0,0.0,0.0,0.0,537.20026,18064.424,0.0,0.0,6245.54,0.0,8147.903,0.0,0.0,0.0,0.0,0.0,0.0,0.0
9.0,90.0,0.0,0.0,0.0,0.0,533.73706,8720.257,0.0,0.0,0.0,0.0,4561.403,0.0,0.0,0.0,0.0,0.0,0.0,0.0
9.0,100.0,0.0,0.0,0.0,0.0,1635.7399,2122.57,0.0,0.0,0.0,0.0,2345.2712,0.0,0.0,0.0,0.0,0.0,0.0,0.0
9.0,110.0,0.0,0.0,0.0,0.0,3199.5278,1773.6223,0.86718714,0.0,0.0,0.0,2651.2454,0.0,0.0,0.0,0.0,0.0,0.0,0.0
9.0,120.0,0.0,0.0,0.0,0.0,124.12724,11883.042,83.61743,0.0,0.0,0.0,5386.4697,0.0,0.0,0.0,0.0,0.0,0.0,0.0
10.0,0.0,0.0,0.0,0.0,0.0,0.0,0.0,0.0,0.0,0.0,0.0,0.0,0.0,0.0,0.0,0.0,0.0,0.0,0.0
10.0,10.0,2057477.8,0.0,0.0,0.0,0.0,0.0,0.0,0.0,0.0,3898904.2,0.0,0.0,0.0,0.0,175.54533,0.0,0.0,0.0
10.0,20.0,1273377.1,55614.812,0.0,16151.312,0.0,0.0,0.0,0.0,0.0,938385.06,0.0,0.0,0.0,0.0,2800.3843,0.0,0.0,0.0
10.0,30.0,30062.678,762870.5,0.0,13750.193,0.0,0.0,0.0,0.0,218965.97,21495.203,0.0,0.0,0.0,0.0,1336.3593,0.0,0.0,0.0
10.0,40.0,0.0,1151419.0,0.0,28.794552,0.0,0.0,15965.297,0.0,257488.64,0.0,0.0,0.0,0.0,0.0,1861.1399,0.0,0.0,0.0
10.0,50.0,0.0,667502.94,0.0,0.0,0.0,0.0,10907.564,0.0,166889.17,0.0,1817.5466,0.0,0.0,0.0,43473.65,0.0,0.0,0.0
10.0,60.0,0.0,80816.81,0.0,0.0,0.0,0.0,1571.2722,0.0,108384.1,0.0,4407.14,0.0,0.0,0.0,33194.55,0.0,0.0,0.0
10.0,70.0,0.0,16054.59,0.0,0.0,0.0,57746.527,47.115444,0.0,30824.207,0.0,8623.003,0.0,0.0,0.0,3163.3684,0.0,0.0,0.0
10.0,80.0,0.0,0.0,0.0,0.0,105.00681,35841.605,0.0,0.0,7130.0034,0.0,4804.679,0.0,0.0,0.0,0.0,0.0,0.0,0.0
10.0,90.0,0.0,0.0,0.0,0.0,532.70996,10890.59,0.0,0.0,0.0,0.0,2865.031,0.0,0.0,0.0,0.0,0.0,0.0,0.0
10.0,100.0,0.0,0.0,0.0,0.0,1048.2788,7105.958,0.0,0.0,0.0,0.0,1681.993,0.0,0.0,0.0,0.0,0.0,0.0,0.0
10.0,110.0,0.0,0.0,0.0,0.0,2891.5398,2361.1372,0.045282893,0.0,0.0,0.0,1609.5637,0.0,0.0,0.0,0.0,0.0,0.0,0.0
10.0,120.0,0.0,0.0,0.0,0.0,681.16656,12342.942,69.33195,0.0,0.0,0.0,3866.6724,0.0,0.0,0.0,0.0,0.0,0.0,0.0
11.0,0.0,0.0,0.0,0.0,0.0,0.0,0.0,0.0,0.0,0.0,0.0,0.0,0.0,0.0,0.0,0.0,0.0,0.0,0.0
11.0,10.0,2119882.0,0.0,0.0,0.0,0.0,0.0,0.0,0.0,0.0,2537300.0,0.0,0.0,0.0,0.0,7.2526264,0.0,0.0,0.0
11.0,20.0,654969.25,15271.863,0.0,42038.13,0.0,0.0,0.0,0.0,0.0,517898.1,0.0,0.0,0.0,0.0,2758.2712,0.0,0.0,0.0
11.0,30.0,4443.48,747609.94,0.0,15711.778,0.0,0.0,0.0,0.0,218634.1,18234.434,0.0,0.0,0.0,0.0,1509.8268,0.0,0.0,0.0
11.0,40.0,0.0,467724.3,0.0,147.49445,0.0,0.0,35182.977,0.0,368480.06,0.0,0.0,0.0,0.0,0.0,1147.2375,0.0,0.0,0.0
11.0,50.0,0.0,448869.3,0.0,0.0,0.0,0.0,17038.496,0.0,222732.2,0.0,603.495,0.0,0.0,0.0,25250.752,0.0,0.0,0.0
11.0,60.0,0.0,173248.0,0.0,0.0,0.0,0.0,6169.839,0.0,111525.445,0.0,4961.4155,0.0,0.0,0.0,33768.92,0.0,0.0,0.0
11.0,70.0,0.0,8255.549,0.0,0.0,0.0,93020.42,118.98461,0.0,43663.008,0.0,5737.438,0.0,0.0,0.0,3442.8801,0.0,0.0,0.0
11.0,80.0,0.0,0.0,0.0,0.0,21.399078,44033.344,0.0,0.0,8941.91,0.0,3172.6123,0.0,0.0,0.0,0.0,0.0,0.0,0.0
11.0,90.0,0.0,0.0,0.0,0.0,443.41803,28971.795,0.0,0.0,0.0,0.0,2425.4153,0.0,0.0,0.0,0.0,0.0,0.0,0.0
11.0,100.0,0.0,0.0,0.0,0.0,582.61066,9025.35,0.0,0.0,0.0,0.0,955.8269,0.0,0.0,0.0,0.0,0.0,0.0,0.0
11.0,110.0,0.0,0.0,0.0,0.0,2144.9763,5761.624,0.0,0.0,0.0,0.0,1315.9073,0.0,0.0,0.0,0.0,0.0,0.0,0.0
11.0,120.0,0.0,0.0,0.0,0.0,1458.4506,12493.457,56.659016,0.0,0.0,0.0,2525.308,0.0,0.0,0.0,0.0,0.0,0.0,0.0
12.0,0.0,0.0,0.0,0.0,0.0,0.0,0.0,0.0,0.0,0.0,0.0,0.0,0.0,0.0,0.0,0.0,0.0,0.0,0.0
12.0,10.0,1745863.6,0.0,0.0,0.0,0.0,0.0,0.0,0.0,0.0,1543624.9,0.0,0.0,0.0,0.0,1.1932521,0.0,0.0,0.0
12.0,20.0,437017.7,14818.845,0.0,56221.824,0.0,0.0,0.0,0.0,0.0,467708.9,0.0,0.0,0.0,0.0,1903.2599,0.0,0.0,0.0
12.0,30.0,51.45164,824744.3,0.0,15589.033,0.0,0.0,0.0,0.0,129652.4,9203.707,0.0,0.0,0.0,0.0,1176.1997,0.0,0.0,0.0
12.0,40.0,0.0,416872.16,0.0,682.48004,0.0,0.0,41448.09,0.0,274357.97,0.0,0.0,0.0,0.0,0.0,739.6676,0.0,0.0,0.0
12.0,50.0,0.0,280462.4,0.0,0.0,0.0,0.0,35166.086,0.0,268111.47,0.0,63.267273,0.0,0.0,0.0,15973.652,0.0,0.0,0.0
12.0,60.0,0.0,120683.35,0.0,0.0,0.0,0.0,12248.886,0.0,119611.23,0.0,3095.2278,0.0,0.0,0.0,22849.092,0.0,0.0,0.0
12.0,70.0,0.0,7455.933,0.0,0.0,0.0,112274.445,1654.0833,0.0,55860.652,0.0,3191.4995,0.0,0.0,0.0,4757.308,0.0,0.0,0.0
12.0,80.0,0.0,0.0,0.0,0.0,0.0,84003.51,77.09102,0.0,13037.208,0.0,2272.29,0.0,0.0,0.0,0.0,0.0,0.0,0.0
12.0,90.0,0.0,0.0,0.0,0.0,286.88278,31289.094,0.0,0.0,0.0,0.0,1635.6115,0.0,0.0,0.0,0.0,0.0,0.0,0.0
12.0,100.0,0.0,0.0,0.0,0.0,389.94495,15710.257,0.0,0.0,0.0,0.0,701.8705,0.0,0.0,0.0,0.0,0.0,0.0,0.0
12.0,110.0,0.0,0.0,0.0,0.0,1494.7546,6323.4653,0.0,0.0,0.0,0.0,942.3531,0.0,0.0,0.0,0.0,0.0,0.0,0.0
12.0,120.0,0.0,0.0,0.0,0.0,1912.3506,14069.257,46.267273,0.0,0.0,0.0,1566.2273,0.0,0.0,0.0,0.0,0.0,0.0,0.0
13.0,0.0,0.0,0.0,0.0,0.0,0.0,0.0,0.0,0.0,0.0,0.0,0.0,0.0,0.0,0.0,0.0,0.0,0.0,0.0
13.0,10.0,2393223.8,0.0,0.0,0.0,0.0,0.0,0.0,0.0,0.0,1662219.5,0.0,0.0,0.0,0.0,0.41379467,0.0,0.0,0.0
13.0,20.0,326352.66,13292.388,0.0,51786.277,0.0,0.0,0.0,0.0,0.0,494989.9,0.0,0.0,0.0,0.0,686.68604,0.0,0.0,0.0
13.0,30.0,1.967273,271036.94,0.0,16908.85,0.0,0.0,0.0,0.0,82736.89,12288.994,0.0,0.0,0.0,0.0,237.79776,0.0,0.0,0.0
13.0,40.0,0.0,912816.3,0.0,627.16327,0.0,0.0,49403.184,0.0,254193.83,0.0,0.0,0.0,0.0,0.0,29.538136,0.0,0.0,0.0
13.0,50.0,0.0,226701.02,0.0,0.0,0.0,0.0,49484.754,0.0,292340.7,0.0,3.142774,0.0,0.0,0.0,5720.543,0.0,0.0,0.0
13.0,60.0,0.0,78148.62,0.0,0.0,0.0,0.0,16215.483,0.0,115479.55,0.0,530.90137,0.0,0.0,0.0,18144.709,0.0,0.0,0.0
13.0,70.0,0.0,14177.415,0.0,0.0,0.0,152012.69,5358.0776,0.0,50682.004,0.0,1823.3755,0.0,0.0,0.0,4527.398,0.0,0.0,0.0
13.0,80.0,0.0,203.91183,0.0,0.0,0.0,81595.11,375.7588,0.0,12782.659,0.0,1186.2653,0.0,0.0,0.0,0.0,0.0,0.0,0.0
13.0,90.0,0.0,0.0,0.0,0.0,48.53416,30898.66,12.302241,0.0,0.0,0.0,890.07086,0.0,0.0,0.0,0.0,0.0,0.0,0.0
13.0,100.0,0.0,0.0,0.0,0.0,364.24146,18747.414,0.0,0.0,0.0,0.0,341.05878,0.0,0.0,0.0,0.0,0.0,0.0,0.0
13.0,110.0,0.0,0.0,0.0,0.0,1051.3737,8352.111,0.0,0.0,0.0,0.0,465.09573,0.0,0.0,0.0,0.0,0.0,0.0,0.0
13.0,120.0,0.0,0.0,0.0,0.0,2143.76,15686.092,37.44714,0.0,0.0,0.0,472.3214,0.0,0.0,0.0,0.0,0.0,0.0,0.0
14.0,0.0,0.0,0.0,0.0,0.0,0.0,0.0,0.0,0.0,0.0,0.0,0.0,0.0,0.0,0.0,0.0,0.0,0.0,0.0
14.0,10.0,638311.0,0.0,0.0,0.0,0.0,0.0,0.0,0.0,0.0,1148626.9,0.0,0.0,0.0,0.0,21.5747,0.0,0.0,0.0
14.0,20.0,169409.16,5.6706886,0.0,33428.766,0.0,0.0,0.0,0.0,0.0,364950.97,0.0,0.0,0.0,0.0,718.38794,0.0,0.0,0.0
14.0,30.0,0.0,517378.28,0.0,15357.934,0.0,0.0,0.0,0.0,52240.19,11308.113,0.0,0.0,0.0,0.0,493.56738,0.0,0.0,0.0
14.0,40.0,0.0,194094.02,0.0,546.0437,0.0,0.0,57641.52,0.0,152960.77,0.0,0.0,0.0,0.0,0.0,246.75203,0.0,0.0,0.0
14.0,50.0,0.0,223470.38,0.0,0.0,0.0,0.0,58254.645,0.0,261114.66,0.0,0.0,0.0,0.0,0.0,593.64453,0.0,0.0,0.0
14.0,60.0,0.0,55141.66,0.0,0.0,0.0,0.0,22047.504,0.0,130537.08,0.0,0.0,0.0,0.0,0.0,9963.717,0.0,0.0,0.0
14.0,70.0,0.0,8959.028,0.0,0.0,0.0,131424.42,8197.253,0.0,47277.367,0.0,0.0,0.0,0.0,0.0,2978.1091,0.0,0.0,0.0
14.0,80.0,0.0,477.4734,0.0,0.0,0.0,111143.14,1228.4896,0.0,13357.625,0.0,1.3571714,0.0,0.0,0.0,0.0,0.0,0.0,0.0
14.0,90.0,0.0,0.0,0.0,0.0,29.539932,37187.496,52.59929,0.0,0.0,0.0,27.797829,0.0,0.0,0.0,0.0,0.0,0.0,0.0
14.0,100.0,0.0,0.0,0.0,0.0,290.8354,21735.965,0.0,0.0,0.0,0.0,41.57189,0.0,0.0,0.0,0.0,0.0,0.0,0.0
14.0,110.0,0.0,0.0,0.0,0.0,587.90753,10340.012,0.0,0.0,0.0,0.0,50.763435,0.0,0.0,0.0,0.0,0.0,0.0,0.0
14.0,120.0,0.0,0.0,0.0,0.0,2271.6755,16769.75,30.157888,0.0,0.0,0.0,179.51102,0.0,0.0,0.0,0.0,0.0,0.0,0.0
15.0,0.0,0.0,0.0,0.0,0.0,0.0,0.0,0.0,0.0,0.0,0.0,0.0,0.0,0.0,0.0,0.0,0.0,0.0,0.0
15.0,10.0,117861.66,0.0,0.0,0.0,0.0,0.0,0.0,0.0,0.0,1085826.9,0.0,0.0,0.0,0.0,0.5289385,0.0,0.0,0.0
15.0,20.0,64569.84,0.0,0.0,22487.428,0.0,0.0,0.0,0.0,0.0,216266.53,0.0,0.0,0.0,0.0,119.64042,0.0,0.0,0.0
15.0,30.0,0.0,213901.66,0.0,5091.489,0.0,0.0,0.0,0.0,90458.58,9734.752,0.0,0.0,0.0,0.0,32.911533,0.0,0.0,0.0
15.0,40.0,0.0,550628.9,0.0,128.71312,0.0,0.0,77519.93,0.0,106314.27,0.0,0.0,0.0,0.0,0.0,0.97223324,0.0,0.0,0.0
15.0,50.0,0.0,131139.0,0.0,44.3366,0.0,0.0,50794.44,0.0,230013.97,0.0,0.0,0.0,0.0,0.0,4.608303,0.0,0.0,0.0
15.0,60.0,0.0,53456.58,0.0,0.0,0.0,0.0,30949.35,0.0,116135.375,0.0,0.0,0.0,0.0,0.0,3604.6875,0.0,0.0,0.0
15.0,70.0,0.0,7182.511,0.0,0.0,0.0,190795.77,10666.696,0.0,46538.062,0.0,0.0,0.0,0.0,0.0,1651.6696,0.0,0.0,0.0
15.0,80.0,0.0,187.87988,0.0,0.0,0.0,92701.1,2226.3955,0.0,13713.514,0.0,0.0,0.0,0.0,0.0,0.0,0.0,0.0,0.0
15.0,90.0,0.0,0.0,0.0,0.0,6.328115,47805.53,127.22152,0.0,0.0,0.0,13.509093,0.0,0.0,0.0,0.0,0.0,0.0,0.0
15.0,100.0,0.0,0.0,0.0,0.0,193.21193,20366.96,0.0,0.0,0.0,0.0,8.811252,0.0,0.0,0.0,0.0,0.0,0.0,0.0
15.0,110.0,0.0,0.0,0.0,0.0,352.88342,12941.534,0.0,0.0,0.0,0.0,57.053486,0.0,0.0,0.0,0.0,0.0,0.0,0.0
15.0,120.0,0.0,0.0,0.0,0.0,2161.164,17011.643,23.772911,0.0,0.0,0.0,140.8313,0.0,0.0,0.0,0.0,0.0,0.0,0.0
16.0,0.0,0.0,0.0,0.0,0.0,0.0,0.0,0.0,0.0,0.0,0.0,0.0,0.0,0.0,0.0,0.0,0.0,0.0,0.0
16.0,10.0,52006.477,0.0,0.0,0.0,0.0,0.0,0.0,0.0,0.0,910138.3,0.0,0.0,0.0,0.0,0.4299923,0.0,0.0,0.0
16.0,20.0,89671.49,95.793205,0.0,10000.935,0.0,0.0,0.0,0.0,0.0,254975.67,0.0,0.0,0.0,0.0,88.09631,0.0,0.0,0.0
16.0,30.0,0.0,64511.31,0.0,1281.831,0.0,0.0,0.0,0.0,66094.7,6105.6216,0.0,0.0,0.0,0.0,17.770294,0.0,0.0,0.0
16.0,40.0,0.0,250598.64,0.0,1.0835389,0.0,0.0,88792.11,0.0,99181.97,0.0,0.0,0.0,0.0,0.0,0.82797045,0.0,0.0,0.0
16.0,50.0,0.0,85581.9,0.0,2.6521375,0.0,0.0,45302.035,0.0,213269.12,0.0,0.0,0.0,0.0,0.0,0.060067452,0.0,0.0,0.0
16.0,60.0,0.0,27620.387,0.0,0.0,0.0,0.0,36676.64,0.0,109539.484,0.0,0.0,0.0,0.0,0.0,1408.0896,0.0,0.0,0.0
16.0,70.0,0.0,6567.543,0.0,0.0,0.0,187680.58,9990.455,0.0,40900.785,0.0,0.0,0.0,0.0,0.0,329.60126,0.0,0.0,0.0
16.0,80.0,0.0,38.720924,0.0,0.0,0.0,89503.96,4784.1704,0.0,14243.023,0.0,0.0,0.0,0.0,0.0,0.0,0.0,0.0,0.0
16.0,90.0,0.0,0.0,0.0,0.0,0.0,49763.24,411.17545,0.0,0.0,0.0,8.138327,0.0,0.0,0.0,0.0,0.0,0.0,0.0
16.0,100.0,0.0,0.0,0.0,0.0,141.97821,23234.223,2.5718422,0.0,0.0,0.0,4.0119867,0.0,0.0,0.0,0.0,0.0,0.0,0.0
16.0,110.0,0.0,0.0,0.0,0.0,229.3193,11076.927,0.0,0.0,0.0,0.0,32.053997,0.0,0.0,0.0,0.0,0.0,0.0,0.0
16.0,120.0,0.0,0.0,0.0,0.0,2022.6401,18615.63,18.597551,0.0,0.0,0.0,91.98348,0.0,0.0,0.0,0.0,0.0,0.0,0.0
17.0,0.0,0.0,0.0,0.0,0.0,0.0,0.0,0.0,0.0,0.0,0.0,0.0,0.0,0.0,0.0,0.0,0.0,0.0,0.0
17.0,10.0,811539.56,0.0,0.0,0.0,0.0,0.0,0.0,0.0,0.0,580342.1,0.0,0.0,0.0,0.0,0.02497493,0.0,0.0,0.0
17.0,20.0,70057.695,43.149044,0.0,5148.919,0.0,0.0,0.0,0.0,0.0,207473.34,0.0,0.0,0.0,0.0,6.823072,0.0,0.0,0.0
17.0,30.0,0.0,5872.1255,0.0,48.667423,0.0,0.0,0.0,0.0,17530.393,9817.075,0.0,0.0,0.0,0.0,1.1722963,0.0,0.0,0.0
17.0,40.0,0.0,21155.535,0.0,0.0,0.0,0.0,74104.65,0.0,83563.09,0.0,0.0,0.0,0.0,0.0,0.28684005,0.0,0.0,0.0
17.0,50.0,0.0,56231.973,0.0,0.0,0.0,0.0,47795.7,0.0,147313.55,0.0,0.022297995,0.0,0.0,0.0,0.09293416,0.0,0.0,0.0
17.0,60.0,0.0,22840.822,0.0,0.0,0.0,0.0,37613.336,0.0,99020.02,0.0,0.15703353,0.0,0.0,0.0,175.00888,0.0,0.0,0.0
17.0,70.0,0.0,3796.1606,0.0,0.0,0.0,185594.2,11443.141,0.0,35547.727,0.0,0.19912858,0.0,0.0,0.0,178.91971,0.0,0.0,0.0
17.0,80.0,0.0,3.166526,0.0,0.0,0.0,71201.516,6207.7295,0.0,13179.709,0.0,0.1673099,0.0,0.0,0.0,0.0,0.0,0.0,0.0
17.0,90.0,0.0,0.0,0.0,0.0,0.0,52927.723,669.96246,0.0,0.0,0.0,4.693315,0.0,0.0,0.0,0.0,0.0,0.0,0.0
17.0,100.0,0.0,0.0,0.0,0.0,60.918606,18418.574,60.9986,0.0,0.0,0.0,1.1463819,0.0,0.0,0.0,0.0,0.0,0.0,0.0
17.0,110.0,0.0,0.0,0.0,0.0,205.539,8513.782,0.0,0.0,0.0,0.0,15.960255,0.0,0.0,0.0,0.0,0.0,0.0,0.0
17.0,120.0,0.0,0.0,0.0,0.0,1821.9254,17730.982,14.099186,0.0,0.0,0.0,58.33728,0.0,0.0,0.0,0.0,0.0,0.0,0.0
18.0,0.0,0.0,0.0,0.0,0.0,0.0,0.0,0.0,0.0,0.0,0.0,0.0,0.0,0.0,0.0,0.0,0.0,0.0,0.0
18.0,10.0,2035747.6,0.0,0.0,0.0,0.0,0.0,0.0,0.0,0.0,803605.3,0.0,0.0,0.0,0.0,0.15215589,0.0,0.0,0.0
18.0,20.0,240941.83,0.07909074,0.0,3456.4941,0.0,0.0,0.0,0.0,0.0,271285.1,0.0,0.0,0.0,0.0,6.116557,0.0,0.0,0.0
18.0,30.0,0.0,320.14655,0.0,1523.7693,0.0,0.0,0.0,0.0,68553.945,19389.28,0.0,0.0,0.0,0.0,1.7152708,0.0,0.0,0.0
18.0,40.0,0.0,0.0,0.0,0.0,0.0,0.0,62106.55,0.0,72071.97,0.0,0.0,0.0,0.0,0.0,0.4927158,0.0,0.0,0.0
18.0,50.0,0.0,6851.658,0.0,0.0,0.0,0.0,53602.297,0.0,91872.484,0.0,0.0,0.0,0.0,0.0,0.14056337,0.0,0.0,0.0
18.0,60.0,0.0,12488.076,0.0,0.0,0.0,0.0,28700.48,0.0,88709.75,0.0,0.0,0.0,0.0,0.0,0.0096921865,0.0,0.0,0.0
18.0,70.0,0.0,1963.3993,0.0,0.0,0.0,176470.34,16251.72,0.0,40090.86,0.0,0.0,0.0,0.0,0.0,115.64195,0.0,0.0,0.0
18.0,80.0,0.0,0.0,0.0,0.0,0.0,81998.07,5299.3257,0.0,11036.495,0.0,0.0,0.0,0.0,0.0,0.0,0.0,0.0,0.0
18.0,90.0,0.0,0.0,0.0,0.0,0.0,45458.74,1500.8242,0.0,0.0,0.0,2.161745,0.0,0.0,0.0,0.0,0.0,0.0,0.0
18.0,100.0,0.0,0.0,0.0,0.0,20.674932,16430.402,168.31001,0.0,0.0,0.0,0.5265453,0.0,0.0,0.0,0.0,0.0,0.0,0.0
18.0,110.0,0.0,0.0,0.0,0.0,180.37315,8321.739,0.0,0.0,0.0,0.0,8.951141,0.0,0.0,0.0,0.0,0.0,0.0,0.0
18.0,120.0,0.0,0.0,0.0,0.0,1627.2394,17887.994,10.227624,0.0,0.0,0.0,41.140717,0.0,0.0,0.0,0.0,0.0,0.0,0.0
19.0,0.0,0.0,0.0,0.0,0.0,0.0,0.0,0.0,0.0,0.0,0.0,0.0,0.0,0.0,0.0,0.0,0.0,0.0,0.0
19.0,10.0,2513268.0,0.0,0.0,0.0,0.0,0.0,0.0,0.0,0.0,1194076.0,0.0,0.0,0.0,0.0,0.005227214,0.0,0.0,0.0
19.0,20.0,286195.3,0.0,0.0,3937.0159,0.0,0.0,0.0,0.0,0.0,404049.34,0.0,0.0,0.0,0.0,2.7798429,0.0,0.0,0.0
19.0,30.0,0.0,427.80734,0.0,1278.9508,0.0,0.0,0.0,0.0,75463.5,17256.475,0.0,0.0,0.0,0.0,0.26543167,0.0,0.0,0.0
19.0,40.0,0.0,0.0,0.0,0.0,0.0,0.0,49564.453,0.0,113368.66,0.0,0.0,0.0,0.0,0.0,0.0,0.0,0.0,0.0
19.0,50.0,0.0,14.320438,0.0,0.0,0.0,0.0,46392.5,0.0,99785.89,0.0,0.028388148,0.0,0.0,0.0,0.0,0.0,0.0,0.0
19.0,60.0,0.0,5120.357,0.0,0.0,0.0,0.0,24550.64,0.0,67002.44,0.0,0.027456904,0.0,0.0,0.0,0.0,0.0,0.0,0.0
19.0,70.0,0.0,2165.6555,0.0,0.0,0.0,171774.61,16807.602,0.0,42858.574,0.0,0.05034631,0.0,0.0,0.0,0.14939891,0.0,0.0,0.0
19.0,80.0,0.0,0.0,0.0,0.0,0.0,82982.79,5692.942,0.0,10833.336,0.0,0.0,0.0,0.0,0.0,0.0,0.0,0.0,0.0
19.0,90.0,0.0,0.0,0.0,0.0,0.0,48329.85,2168.3013,0.0,0.0,0.0,0.0,0.0,0.0,0.0,0.0,0.0,0.0,0.0
19.0,100.0,0.0,0.0,0.0,0.0,11.4721,18172.828,208.65761,0.0,0.0,0.0,0.024130056,0.0,0.0,0.0,0.0,0.0,0.0,0.0
19.0,110.0,0.0,0.0,0.0,0.0,137.25085,7240.756,6.204571,0.0,0.0,0.0,3.8704925,0.0,0.0,0.0,0.0,0.0,0.0,0.0
19.0,120.0,0.0,0.0,0.0,0.0,1432.4188,17299.408,7.0325265,0.0,0.0,0.0,27.441261,0.0,0.0,0.0,0.0,0.0,0.0,0.0
20.0,0.0,0.0,0.0,0.0,0.0,0.0,0.0,0.0,0.0,0.0,0.0,0.0,0.0,0.0,0.0,0.0,0.0,0.0,0.0
20.0,10.0,1439351.2,0.0,0.0,0.0,0.0,0.0,0.0,0.0,0.0,1422420.1,0.0,0.0,0.0,0.0,0.0,0.0,0.0,0.0
20.0,20.0,469683.7,0.0,0.0,4452.7295,0.0,0.0,0.0,0.0,0.0,445903.03,0.0,0.0,0.0,0.0,0.0,0.0,0.0,0.0
20.0,30.0,0.0,358.19794,0.0,1774.3398,0.0,0.0,0.0,0.0,24035.027,5155.846,0.0,0.0,0.0,0.0,0.0,0.0,0.0,0.0
20.0,40.0,0.0,0.0,0.0,0.0,0.0,0.0,51445.113,0.0,89753.57,0.0,0.0,0.0,0.0,0.0,0.0,0.0,0.0,0.0
20.0,50.0,0.0,0.0,0.0,0.0,0.0,0.0,40424.44,0.0,86313.92,0.0,0.04605196,0.0,0.0,0.0,0.0,0.0,0.0,0.0
20.0,60.0,0.0,1846.0255,0.0,0.0,0.0,0.0,21091.986,0.0,63155.59,0.0,0.02904412,0.0,0.0,0.0,0.0,0.0,0.0,0.0
20.0,70.0,0.0,953.2941,0.0,0.0,0.0,145207.38,20716.37,0.0,36716.47,0.0,0.0,0.0,0.0,0.0,0.0,0.0,0.0,0.0
20.0,80.0,0.0,0.0,0.0,0.0,0.0,98148.47,6380.106,0.0,10522.735,0.0,0.0,0.0,0.0,0.0,0.0,0.0,0.0,0.0
20.0,90.0,0.0,0.0,0.0,0.0,0.0,43182.465,2606.0857,0.0,0.0,0.0,0.0,0.0,0.0,0.0,0.0,0.0,0.0,0.0
20.0,100.0,0.0,0.0,0.0,0.0,8.551554,19294.102,322.12717,0.0,0.0,0.0,0.0,0.0,0.0,0.0,0.0,0.0,0.0,0.0
20.0,110.0,0.0,0.0,0.0,0.0,100.269745,8365.786,61.748405,0.0,0.0,0.0,1.7941312,0.0,0.0,0.0,0.0,0.0,0.0,0.0
20.0,120.0,0.0,0.0,0.0,0.0,1284.0994,16862.295,4.231448,0.0,0.0,0.0,17.610455,0.0,0.0,0.0,0.0,0.0,0.0,0.0
21.0,0.0,0.0,0.0,0.0,0.0,0.0,0.0,0.0,0.0,0.0,0.0,0.0,0.0,0.0,0.0,0.0,0.0,0.0,0.0
21.0,10.0,363906.28,0.0,0.0,0.0,0.0,0.0,0.0,0.0,0.0,1427421.6,0.0,0.0,0.0,0.0,0.0,0.0,0.0,0.0
21.0,20.0,64188.78,0.0,0.0,4890.228,0.0,0.0,0.0,0.0,0.0,444913.97,0.0,0.0,0.0,0.0,0.0,0.0,0.0,0.0
21.0,30.0,4733.9487,1.8558373,0.0,1329.5674,0.0,0.0,0.0,0.0,44327.035,14884.781,0.0,0.0,0.0,0.0,0.0,0.0,0.0,0.0
21.0,40.0,0.0,3.6399171,0.0,0.063866094,0.0,0.0,39152.773,0.0,74466.36,0.0,0.0,0.0,0.0,0.0,0.0,0.0,0.0,0.0
21.0,50.0,0.0,0.0,0.0,0.0,0.0,0.0,40744.215,0.0,80078.73,0.0,0.005464131,0.0,0.0,0.0,0.0,0.0,0.0,0.0
21.0,60.0,0.0,396.00204,0.0,0.0,0.0,0.0,25700.467,0.0,67603.414,0.0,0.0,0.0,0.0,0.0,0.0,0.0,0.0,0.0
21.0,70.0,0.0,180.94514,0.0,0.0,0.0,169366.31,14921.27,0.0,35639.676,0.0,0.0,0.0,0.0,0.0,0.0,0.0,0.0,0.0
21.0,80.0,0.0,0.0,0.0,0.0,0.0,99296.25,7179.383,0.0,9967.87,0.0,0.0,0.0,0.0,0.0,0.0,0.0,0.0,0.0
21.0,90.0,0.0,0.0,0.0,0.0,0.0,44144.082,2884.436,0.0,0.0,0.0,0.0,0.0,0.0,0.0,0.0,0.0,0.0,0.0
21.0,100.0,0.0,0.0,0.0,0.0,0.67315906,18789.266,537.3839,0.0,0.0,0.0,0.0,0.0,0.0,0.0,0.0,0.0,0.0,0.0
21.0,110.0,0.0,0.0,0.0,0.0,84.284294,8156.287,83.07181,0.0,0.0,0.0,1.6239067,0.0,0.0,0.0,0.0,0.0,0.0,0.0
21.0,120.0,0.0,0.0,0.0,0.0,1162.2596,16033.616,2.0143843,0.0,0.0,0.0,7.923385,0.0,0.0,0.0,0.0,0.0,0.0,0.0
22.0,0.0,0.0,0.0,0.0,0.0,0.0,0.0,0.0,0.0,0.0,0.0,0.0,0.0,0.0,0.0,0.0,0.0,0.0,0.0
22.0,10.0,438396.34,0.0,0.0,0.0,0.0,0.0,0.0,0.0,0.0,1197678.8,0.0,0.0,0.0,0.0,0.0,0.0,0.0,0.0
22.0,20.0,6353.0854,0.0,0.0,10635.537,0.0,0.0,0.0,0.0,0.0,296765.84,0.0,0.0,0.0,0.0,0.0,0.0,0.0,0.0
22.0,30.0,0.0,32.527374,0.0,260.72058,0.0,0.0,0.0,0.0,47504.13,10647.604,0.0,0.0,0.0,0.0,0.0,0.0,0.0,0.0
22.0,40.0,0.0,14.836329,0.0,7.062929,0.0,0.0,67247.61,0.0,88521.414,0.0,0.0,0.0,0.0,0.0,0.0,0.0,0.0,0.0
22.0,50.0,0.0,0.0,0.0,0.0,0.0,0.0,39109.973,0.0,74371.445,0.0,0.0,0.0,0.0,0.0,0.0,0.0,0.0,0.0
22.0,60.0,0.0,0.0,0.0,0.0,0.0,0.0,20287.354,0.0,54432.41,0.0,0.0,0.0,0.0,0.0,0.0,0.0,0.0,0.0
22.0,70.0,0.0,71.384384,0.0,0.0,0.0,133924.33,13748.731,0.0,32972.996,0.0,0.0,0.0,0.0,0.0,0.0,0.0,0.0,0.0
22.0,80.0,0.0,0.0,0.0,0.0,0.0,92279.51,8551.651,0.0,7402.9976,0.0,0.0,0.0,0.0,0.0,0.0,0.0,0.0,0.0
22.0,90.0,0.0,0.0,0.0,0.0,0.0,46554.863,2995.485,0.0,0.0,0.0,0.0,0.0,0.0,0.0,0.0,0.0,0.0,0.0
22.0,100.0,0.0,0.0,0.0,0.0,0.0,19320.934,819.4365,0.0,0.0,0.0,0.0,0.0,0.0,0.0,0.0,0.0,0.0,0.0
22.0,110.0,0.0,0.0,0.0,0.0,60.83189,8287.703,97.4878,0.0,0.0,0.0,1.1182619,0.0,0.0,0.0,0.0,0.0,0.0,0.0
22.0,120.0,0.0,0.0,0.0,0.0,1017.3957,14885.312,0.6677104,0.0,0.0,0.0,3.3258784,0.0,0.0,0.0,0.0,0.0,0.0,0.0
23.0,0.0,0.0,0.0,0.0,0.0,0.0,0.0,0.0,0.0,0.0,0.0,0.0,0.0,0.0,0.0,0.0,0.0,0.0,0.0
23.0,10.0,1872500.0,0.0,0.0,0.0,0.0,0.0,0.0,0.0,0.0,755425.75,0.0,0.0,0.0,0.0,0.0,0.0,0.0,0.0
23.0,20.0,90041.15,0.0,0.0,14190.32,0.0,0.0,0.0,0.0,0.0,216312.84,0.0,0.0,0.0,0.0,0.0,0.0,0.0,0.0
23.0,30.0,0.0,4.1590123,0.0,646.79535,0.0,0.0,0.0,0.0,25600.643,4249.8843,0.0,0.0,0.0,0.0,0.0,0.0,0.0,0.0
23.0,40.0,0.0,0.0,0.0,0.0,0.0,0.0,84801.42,0.0,52278.074,0.0,0.0,0.0,0.0,0.0,0.0,0.0,0.0,0.0
23.0,50.0,0.0,0.0,0.0,0.0,0.0013099263,0.0,31718.148,0.0,69971.55,0.0,0.0,0.0,0.0,0.0,0.0,0.0,0.0,0.0
23.0,60.0,0.0,0.0,0.0,0.0,0.0,0.0,16034.503,0.0,35695.668,0.0,0.0,0.0,0.0,0.0,0.0,0.0,0.0,0.0
23.0,70.0,0.0,32.39715,0.0,0.0,0.0,128257.09,13283.731,0.0,34486.605,0.0,0.0,0.0,0.0,0.0,0.0,0.0,0.0,0.0
23.0,80.0,0.0,0.0,0.0,0.0,0.0,97656.84,9781.387,0.0,7906.624,0.0,0.0,0.0,0.0,0.0,0.0,0.0,0.0,0.0
23.0,90.0,0.0,0.0,0.0,0.0,0.0,44169.71,3156.9663,0.0,0.0,0.0,0.0,0.0,0.0,0.0,0.0,0.0,0.0,0.0
23.0,100.0,0.0,0.0,0.0,0.0,0.0,19450.32,1073.3026,0.0,0.0,0.0,0.0,0.0,0.0,0.0,0.0,0.0,0.0,0.0
23.0,110.0,0.0,0.0,0.0,0.0,27.829548,8716.262,112.8687,0.0,0.0,0.0,0.7600805,0.0,0.0,0.0,0.0,0.0,0.0,0.0
23.0,120.0,0.0,0.0,0.0,0.0,911.3441,13822.429,14.299528,0.0,0.0,0.0,1.154985,0.0,0.0,0.0,0.0,0.0,0.0,0.0
24.0,0.0,0.0,0.0,0.0,0.0,0.0,0.0,0.0,0.0,0.0,0.0,0.0,0.0,0.0,0.0,0.0,0.0,0.0,0.0
24.0,10.0,1046091.25,0.0,0.0,0.0,0.0,0.0,0.0,0.0,0.0,1111498.4,0.0,0.0,0.0,0.0,0.0,0.0,0.0,0.0
24.0,20.0,378898.75,0.0,0.0,10355.896,0.0,0.0,0.0,0.0,0.0,409628.88,0.0,0.0,0.0,0.0,0.0,0.0,0.0,0.0
24.0,30.0,0.0,4.2736015,0.0,2591.9282,0.0,0.0,0.0,0.0,24184.697,14191.338,0.0,0.0,0.0,0.0,0.0,0.0,0.0,0.0
24.0,40.0,0.0,0.0,0.0,0.0,0.0,0.0,79693.59,0.0,14936.906,0.0,0.0,0.0,0.0,0.0,0.0,0.0,0.0,0.0
24.0,50.0,0.0,0.0,0.0,0.0,0.0024946393,0.0,34137.88,0.0,72902.78,0.0,0.0,0.0,0.0,0.0,0.0,0.0,0.0,0.0
24.0,60.0,0.0,0.0,0.0,0.0,0.0,0.0,17499.598,0.0,30382.758,0.0,0.0,0.0,0.0,0.0,0.0,0.0,0.0,0.0
24.0,70.0,0.0,4.5705056,0.0,0.0,0.0,113828.89,10982.938,0.0,27281.06,0.0,0.0,0.0,0.0,0.0,0.0,0.0,0.0,0.0
24.0,80.0,0.0,0.7144624,0.0,0.0,0.0,89792.74,8214.698,0.0,7118.6377,0.0,0.0,0.0,0.0,0.0,0.0,0.0,0.0,0.0
24.0,90.0,0.0,0.0,0.0,0.0,0.0,40836.324,3310.1484,0.0,0.0,0.0,0.0,0.0,0.0,0.0,0.0,0.0,0.0,0.0
24.0,100.0,0.0,0.0,0.0,0.0,0.0,20550.37,1092.6016,0.0,0.0,0.0,0.0,0.0,0.0,0.0,0.0,0.0,0.0,0.0
24.0,110.0,0.0,0.0,0.0,0.0,20.719992,8326.066,158.36975,0.0,0.0,0.0,0.492489,0.0,0.0,0.0,0.0,0.0,0.0,0.0
24.0,120.0,0.0,0.0,0.0,0.0,789.566,13569.461,28.454203,0.0,0.0,0.0,0.5033174,0.0,0.0,0.0,0.0,0.0,0.0,0.0
