"Predation (Mpred), Starvation (Mstarv), Additional mortality (Madd), Fishing (F) & Out-of-domain (Z) mortality rates per time step of saving and per size class. Z is the total mortality for migratory fish outside the simulation grid. To get annual mortality rates, sum the mortality rates within one year."
"Time","Age","Mpred","Mstar","Mnat","F","Z","Mfor","Dis","Age"
1.0,0.0,0.24303989,0.25642404,2.3373797,3.154006E-5,0.0,0.0,3.1858647E-7,1.7199464
1.0,2.0,0.0,0.0,0.0,0.0,0.0,0.0,0.0,0.0
1.0,4.0,0.0,0.0,0.0,0.0,0.0,0.0,0.0,0.0
1.0,6.0,0.0,0.0,0.0,0.0,0.0,0.0,0.0,0.0
1.0,8.0,0.0,0.0,0.0,0.0,0.0,0.0,0.0,0.0
1.0,10.0,0.0,0.0,0.0,0.0,0.0,0.0,0.0,0.0
1.0,12.0,0.0,0.0,0.0,0.0,0.0,0.0,0.0,0.0
1.0,14.0,0.0,0.0,0.0,0.0,0.0,0.0,0.0,0.0
1.0,16.0,0.0,0.0,0.0,0.0,0.0,0.0,0.0,0.0
1.0,18.0,0.0,0.0,0.0,0.0,0.0,0.0,0.0,0.0
1.0,20.0,0.0,0.0,0.0,0.0,0.0,0.0,0.0,0.0
1.0,22.0,0.0,0.0,0.0,0.0,0.0,0.0,0.0,0.0
1.0,24.0,0.0,0.0,0.0,0.0,0.0,0.0,0.0,0.0
1.0,26.0,0.0,0.0,0.0,0.0,0.0,0.0,0.0,0.0
1.0,28.0,0.0,0.0,0.0,0.0,0.0,0.0,0.0,0.0
1.0,30.0,0.0,0.0,0.0,0.0,0.0,0.0,0.0,0.0
1.0,32.0,0.0,0.0,0.0,0.0,0.0,0.0,0.0,0.0
1.0,34.0,0.0,0.0,0.0,0.0,0.0,0.0,0.0,0.0
1.0,36.0,0.0,0.0,0.0,0.0,0.0,0.0,0.0,0.0
1.0,38.0,0.0,0.0,0.0,0.0,0.0,0.0,0.0,0.0
1.0,40.0,0.0,0.0,0.0,0.0,0.0,0.0,0.0,0.0
2.0,0.0,1.5626075,0.109716184,6.268205,2.4386018E-4,0.0,0.0,2.463234E-6,0.4405603
2.0,2.0,0.0,0.0,0.0,0.0,0.0,0.0,0.0,0.0
2.0,4.0,0.0,0.0,0.0,0.0,0.0,0.0,0.0,0.0
2.0,6.0,0.0,0.0,0.0,0.0,0.0,0.0,0.0,0.0
2.0,8.0,0.0,0.0,0.0,0.0,0.0,0.0,0.0,0.0
2.0,10.0,0.0,0.0,0.0,0.0,0.0,0.0,0.0,0.0
2.0,12.0,0.0,0.0,0.0,0.0,0.0,0.0,0.0,0.0
2.0,14.0,0.0,0.0,0.0,0.0,0.0,0.0,0.0,0.0
2.0,16.0,0.0,0.0,0.0,0.0,0.0,0.0,0.0,0.0
2.0,18.0,0.0,0.0,0.0,0.0,0.0,0.0,0.0,0.0
2.0,20.0,0.0,0.0,0.0,0.0,0.0,0.0,0.0,0.0
2.0,22.0,0.0,0.0,0.0,0.0,0.0,0.0,0.0,0.0
2.0,24.0,0.0,0.0,0.0,0.0,0.0,0.0,0.0,0.0
2.0,26.0,0.0,0.0,0.0,0.0,0.0,0.0,0.0,0.0
2.0,28.0,0.0,0.0,0.0,0.0,0.0,0.0,0.0,0.0
2.0,30.0,0.0,0.0,0.0,0.0,0.0,0.0,0.0,0.0
2.0,32.0,0.0,0.0,0.0,0.0,0.0,0.0,0.0,0.0
2.0,34.0,0.0,0.0,0.0,0.0,0.0,0.0,0.0,0.0
2.0,36.0,0.0,0.0,0.0,0.0,0.0,0.0,0.0,0.0
2.0,38.0,0.0,0.0,0.0,0.0,0.0,0.0,0.0,0.0
2.0,40.0,0.0,0.0,0.0,0.0,0.0,0.0,0.0,0.0
3.0,0.0,1.9149867,0.09244911,7.518098,2.9083437E-4,0.0,0.0,2.9377209E-6,0.42131823
3.0,2.0,0.0,0.0,0.0,0.0,0.0,0.0,0.0,0.0
3.0,4.0,0.0,0.0,0.0,0.0,0.0,0.0,0.0,0.0
3.0,6.0,0.0,0.0,0.0,0.0,0.0,0.0,0.0,0.0
3.0,8.0,0.0,0.0,0.0,0.0,0.0,0.0,0.0,0.0
3.0,10.0,0.0,0.0,0.0,0.0,0.0,0.0,0.0,0.0
3.0,12.0,0.0,0.0,0.0,0.0,0.0,0.0,0.0,0.0
3.0,14.0,0.0,0.0,0.0,0.0,0.0,0.0,0.0,0.0
3.0,16.0,0.0,0.0,0.0,0.0,0.0,0.0,0.0,0.0
3.0,18.0,0.0,0.0,0.0,0.0,0.0,0.0,0.0,0.0
3.0,20.0,0.0,0.0,0.0,0.0,0.0,0.0,0.0,0.0
3.0,22.0,0.0,0.0,0.0,0.0,0.0,0.0,0.0,0.0
3.0,24.0,0.0,0.0,0.0,0.0,0.0,0.0,0.0,0.0
3.0,26.0,0.0,0.0,0.0,0.0,0.0,0.0,0.0,0.0
3.0,28.0,0.0,0.0,0.0,0.0,0.0,0.0,0.0,0.0
3.0,30.0,0.0,0.0,0.0,0.0,0.0,0.0,0.0,0.0
3.0,32.0,0.0,0.0,0.0,0.0,0.0,0.0,0.0,0.0
3.0,34.0,0.0,0.0,0.0,0.0,0.0,0.0,0.0,0.0
3.0,36.0,0.0,0.0,0.0,0.0,0.0,0.0,0.0,0.0
3.0,38.0,0.0,0.0,0.0,0.0,0.0,0.0,0.0,0.0
3.0,40.0,0.0,0.0,0.0,0.0,0.0,0.0,0.0,0.0
4.0,0.0,1.8680092,0.09829812,6.809819,2.5819457E-4,0.0,0.0,2.608026E-6,0.42160377
4.0,2.0,0.0,0.0,0.0,0.0,0.0,0.0,0.0,0.0
4.0,4.0,0.0,0.0,0.0,0.0,0.0,0.0,0.0,0.0
4.0,6.0,0.0,0.0,0.0,0.0,0.0,0.0,0.0,0.0
4.0,8.0,0.0,0.0,0.0,0.0,0.0,0.0,0.0,0.0
4.0,10.0,0.0,0.0,0.0,0.0,0.0,0.0,0.0,0.0
4.0,12.0,0.0,0.0,0.0,0.0,0.0,0.0,0.0,0.0
4.0,14.0,0.0,0.0,0.0,0.0,0.0,0.0,0.0,0.0
4.0,16.0,0.0,0.0,0.0,0.0,0.0,0.0,0.0,0.0
4.0,18.0,0.0,0.0,0.0,0.0,0.0,0.0,0.0,0.0
4.0,20.0,0.0,0.0,0.0,0.0,0.0,0.0,0.0,0.0
4.0,22.0,0.0,0.0,0.0,0.0,0.0,0.0,0.0,0.0
4.0,24.0,0.0,0.0,0.0,0.0,0.0,0.0,0.0,0.0
4.0,26.0,0.0,0.0,0.0,0.0,0.0,0.0,0.0,0.0
4.0,28.0,0.0,0.0,0.0,0.0,0.0,0.0,0.0,0.0
4.0,30.0,0.0,0.0,0.0,0.0,0.0,0.0,0.0,0.0
4.0,32.0,0.0,0.0,0.0,0.0,0.0,0.0,0.0,0.0
4.0,34.0,0.0,0.0,0.0,0.0,0.0,0.0,0.0,0.0
4.0,36.0,0.0,0.0,0.0,0.0,0.0,0.0,0.0,0.0
4.0,38.0,0.0,0.0,0.0,0.0,0.0,0.0,0.0,0.0
4.0,40.0,0.0,0.0,0.0,0.0,0.0,0.0,0.0,0.0
5.0,0.0,2.0034888,0.09672519,6.67737,2.5538073E-4,0.0,0.0,2.5796035E-6,0.4392748
5.0,2.0,0.0,0.0,0.0,0.0,0.0,0.0,0.0,0.0
5.0,4.0,0.0,0.0,0.0,0.0,0.0,0.0,0.0,0.0
5.0,6.0,0.0,0.0,0.0,0.0,0.0,0.0,0.0,0.0
5.0,8.0,0.0,0.0,0.0,0.0,0.0,0.0,0.0,0.0
5.0,10.0,0.0,0.0,0.0,0.0,0.0,0.0,0.0,0.0
5.0,12.0,0.0,0.0,0.0,0.0,0.0,0.0,0.0,0.0
5.0,14.0,0.0,0.0,0.0,0.0,0.0,0.0,0.0,0.0
5.0,16.0,0.0,0.0,0.0,0.0,0.0,0.0,0.0,0.0
5.0,18.0,0.0,0.0,0.0,0.0,0.0,0.0,0.0,0.0
5.0,20.0,0.0,0.0,0.0,0.0,0.0,0.0,0.0,0.0
5.0,22.0,0.0,0.0,0.0,0.0,0.0,0.0,0.0,0.0
5.0,24.0,0.0,0.0,0.0,0.0,0.0,0.0,0.0,0.0
5.0,26.0,0.0,0.0,0.0,0.0,0.0,0.0,0.0,0.0
5.0,28.0,0.0,0.0,0.0,0.0,0.0,0.0,0.0,0.0
5.0,30.0,0.0,0.0,0.0,0.0,0.0,0.0,0.0,0.0
5.0,32.0,0.0,0.0,0.0,0.0,0.0,0.0,0.0,0.0
5.0,34.0,0.0,0.0,0.0,0.0,0.0,0.0,0.0,0.0
5.0,36.0,0.0,0.0,0.0,0.0,0.0,0.0,0.0,0.0
5.0,38.0,0.0,0.0,0.0,0.0,0.0,0.0,0.0,0.0
5.0,40.0,0.0,0.0,0.0,0.0,0.0,0.0,0.0,0.0
6.0,0.0,2.3674514,0.07735899,8.289758,3.183212E-4,0.0,0.0,3.2153655E-6,0.37509498
6.0,2.0,0.0,0.0,0.0,0.0,0.0,0.0,0.0,0.0
6.0,4.0,0.0,0.0,0.0,0.0,0.0,0.0,0.0,0.0
6.0,6.0,0.0,0.0,0.0,0.0,0.0,0.0,0.0,0.0
6.0,8.0,0.0,0.0,0.0,0.0,0.0,0.0,0.0,0.0
6.0,10.0,0.0,0.0,0.0,0.0,0.0,0.0,0.0,0.0
6.0,12.0,0.0,0.0,0.0,0.0,0.0,0.0,0.0,0.0
6.0,14.0,0.0,0.0,0.0,0.0,0.0,0.0,0.0,0.0
6.0,16.0,0.0,0.0,0.0,0.0,0.0,0.0,0.0,0.0
6.0,18.0,0.0,0.0,0.0,0.0,0.0,0.0,0.0,0.0
6.0,20.0,0.0,0.0,0.0,0.0,0.0,0.0,0.0,0.0
6.0,22.0,0.0,0.0,0.0,0.0,0.0,0.0,0.0,0.0
6.0,24.0,0.0,0.0,0.0,0.0,0.0,0.0,0.0,0.0
6.0,26.0,0.0,0.0,0.0,0.0,0.0,0.0,0.0,0.0
6.0,28.0,0.0,0.0,0.0,0.0,0.0,0.0,0.0,0.0
6.0,30.0,0.0,0.0,0.0,0.0,0.0,0.0,0.0,0.0
6.0,32.0,0.0,0.0,0.0,0.0,0.0,0.0,0.0,0.0
6.0,34.0,0.0,0.0,0.0,0.0,0.0,0.0,0.0,0.0
6.0,36.0,0.0,0.0,0.0,0.0,0.0,0.0,0.0,0.0
6.0,38.0,0.0,0.0,0.0,0.0,0.0,0.0,0.0,0.0
6.0,40.0,0.0,0.0,0.0,0.0,0.0,0.0,0.0,0.0
7.0,0.0,2.2496324,0.07548128,8.439372,3.4545097E-4,0.0,0.0,3.4894038E-6,0.27215648
7.0,2.0,0.0,0.0,0.0,0.0,0.0,0.0,0.0,0.0
7.0,4.0,0.0,0.0,0.0,0.0,0.0,0.0,0.0,0.0
7.0,6.0,0.0,0.0,0.0,0.0,0.0,0.0,0.0,0.0
7.0,8.0,0.0,0.0,0.0,0.0,0.0,0.0,0.0,0.0
7.0,10.0,0.0,0.0,0.0,0.0,0.0,0.0,0.0,0.0
7.0,12.0,0.0,0.0,0.0,0.0,0.0,0.0,0.0,0.0
7.0,14.0,0.0,0.0,0.0,0.0,0.0,0.0,0.0,0.0
7.0,16.0,0.0,0.0,0.0,0.0,0.0,0.0,0.0,0.0
7.0,18.0,0.0,0.0,0.0,0.0,0.0,0.0,0.0,0.0
7.0,20.0,0.0,0.0,0.0,0.0,0.0,0.0,0.0,0.0
7.0,22.0,0.0,0.0,0.0,0.0,0.0,0.0,0.0,0.0
7.0,24.0,0.0,0.0,0.0,0.0,0.0,0.0,0.0,0.0
7.0,26.0,0.0,0.0,0.0,0.0,0.0,0.0,0.0,0.0
7.0,28.0,0.0,0.0,0.0,0.0,0.0,0.0,0.0,0.0
7.0,30.0,0.0,0.0,0.0,0.0,0.0,0.0,0.0,0.0
7.0,32.0,0.0,0.0,0.0,0.0,0.0,0.0,0.0,0.0
7.0,34.0,0.0,0.0,0.0,0.0,0.0,0.0,0.0,0.0
7.0,36.0,0.0,0.0,0.0,0.0,0.0,0.0,0.0,0.0
7.0,38.0,0.0,0.0,0.0,0.0,0.0,0.0,0.0,0.0
7.0,40.0,0.0,0.0,0.0,0.0,0.0,0.0,0.0,0.0
8.0,0.0,2.550759,0.082796946,8.467365,3.1311967E-4,0.0,0.0,3.162825E-6,0.32220966
8.0,2.0,0.0,0.0,0.0,0.0,0.0,0.0,0.0,0.0
8.0,4.0,0.0,0.0,0.0,0.0,0.0,0.0,0.0,0.0
8.0,6.0,0.0,0.0,0.0,0.0,0.0,0.0,0.0,0.0
8.0,8.0,0.0,0.0,0.0,0.0,0.0,0.0,0.0,0.0
8.0,10.0,0.0,0.0,0.0,0.0,0.0,0.0,0.0,0.0
8.0,12.0,0.0,0.0,0.0,0.0,0.0,0.0,0.0,0.0
8.0,14.0,0.0,0.0,0.0,0.0,0.0,0.0,0.0,0.0
8.0,16.0,0.0,0.0,0.0,0.0,0.0,0.0,0.0,0.0
8.0,18.0,0.0,0.0,0.0,0.0,0.0,0.0,0.0,0.0
8.0,20.0,0.0,0.0,0.0,0.0,0.0,0.0,0.0,0.0
8.0,22.0,0.0,0.0,0.0,0.0,0.0,0.0,0.0,0.0
8.0,24.0,0.0,0.0,0.0,0.0,0.0,0.0,0.0,0.0
8.0,26.0,0.0,0.0,0.0,0.0,0.0,0.0,0.0,0.0
8.0,28.0,0.0,0.0,0.0,0.0,0.0,0.0,0.0,0.0
8.0,30.0,0.0,0.0,0.0,0.0,0.0,0.0,0.0,0.0
8.0,32.0,0.0,0.0,0.0,0.0,0.0,0.0,0.0,0.0
8.0,34.0,0.0,0.0,0.0,0.0,0.0,0.0,0.0,0.0
8.0,36.0,0.0,0.0,0.0,0.0,0.0,0.0,0.0,0.0
8.0,38.0,0.0,0.0,0.0,0.0,0.0,0.0,0.0,0.0
8.0,40.0,0.0,0.0,0.0,0.0,0.0,0.0,0.0,0.0
9.0,0.0,2.6588018,0.07819755,8.491134,3.1604667E-4,0.0,0.0,3.1923907E-6,0.2796303
9.0,2.0,0.0,0.0,0.0,0.0,0.0,0.0,0.0,0.0
9.0,4.0,0.0,0.0,0.0,0.0,0.0,0.0,0.0,0.0
9.0,6.0,0.0,0.0,0.0,0.0,0.0,0.0,0.0,0.0
9.0,8.0,0.0,0.0,0.0,0.0,0.0,0.0,0.0,0.0
9.0,10.0,0.0,0.0,0.0,0.0,0.0,0.0,0.0,0.0
9.0,12.0,0.0,0.0,0.0,0.0,0.0,0.0,0.0,0.0
9.0,14.0,0.0,0.0,0.0,0.0,0.0,0.0,0.0,0.0
9.0,16.0,0.0,0.0,0.0,0.0,0.0,0.0,0.0,0.0
9.0,18.0,0.0,0.0,0.0,0.0,0.0,0.0,0.0,0.0
9.0,20.0,0.0,0.0,0.0,0.0,0.0,0.0,0.0,0.0
9.0,22.0,0.0,0.0,0.0,0.0,0.0,0.0,0.0,0.0
9.0,24.0,0.0,0.0,0.0,0.0,0.0,0.0,0.0,0.0
9.0,26.0,0.0,0.0,0.0,0.0,0.0,0.0,0.0,0.0
9.0,28.0,0.0,0.0,0.0,0.0,0.0,0.0,0.0,0.0
9.0,30.0,0.0,0.0,0.0,0.0,0.0,0.0,0.0,0.0
9.0,32.0,0.0,0.0,0.0,0.0,0.0,0.0,0.0,0.0
9.0,34.0,0.0,0.0,0.0,0.0,0.0,0.0,0.0,0.0
9.0,36.0,0.0,0.0,0.0,0.0,0.0,0.0,0.0,0.0
9.0,38.0,0.0,0.0,0.0,0.0,0.0,0.0,0.0,0.0
9.0,40.0,0.0,0.0,0.0,0.0,0.0,0.0,0.0,0.0
10.0,0.0,2.7197092,0.08156304,9.164826,3.7846641E-4,0.0,0.0,3.822893E-6,0.27575028
10.0,2.0,0.0,0.0,0.0,0.0,0.0,0.0,0.0,0.0
10.0,4.0,0.0,0.0,0.0,0.0,0.0,0.0,0.0,0.0
10.0,6.0,0.0,0.0,0.0,0.0,0.0,0.0,0.0,0.0
10.0,8.0,0.0,0.0,0.0,0.0,0.0,0.0,0.0,0.0
10.0,10.0,0.0,0.0,0.0,0.0,0.0,0.0,0.0,0.0
10.0,12.0,0.0,0.0,0.0,0.0,0.0,0.0,0.0,0.0
10.0,14.0,0.0,0.0,0.0,0.0,0.0,0.0,0.0,0.0
10.0,16.0,0.0,0.0,0.0,0.0,0.0,0.0,0.0,0.0
10.0,18.0,0.0,0.0,0.0,0.0,0.0,0.0,0.0,0.0
10.0,20.0,0.0,0.0,0.0,0.0,0.0,0.0,0.0,0.0
10.0,22.0,0.0,0.0,0.0,0.0,0.0,0.0,0.0,0.0
10.0,24.0,0.0,0.0,0.0,0.0,0.0,0.0,0.0,0.0
10.0,26.0,0.0,0.0,0.0,0.0,0.0,0.0,0.0,0.0
10.0,28.0,0.0,0.0,0.0,0.0,0.0,0.0,0.0,0.0
10.0,30.0,0.0,0.0,0.0,0.0,0.0,0.0,0.0,0.0
10.0,32.0,0.0,0.0,0.0,0.0,0.0,0.0,0.0,0.0
10.0,34.0,0.0,0.0,0.0,0.0,0.0,0.0,0.0,0.0
10.0,36.0,0.0,0.0,0.0,0.0,0.0,0.0,0.0,0.0
10.0,38.0,0.0,0.0,0.0,0.0,0.0,0.0,0.0,0.0
10.0,40.0,0.0,0.0,0.0,0.0,0.0,0.0,0.0,0.0
11.0,0.0,2.8795218,0.078605115,9.205113,3.5089548E-4,0.0,0.0,3.5443989E-6,0.27977282
11.0,2.0,0.0,0.0,0.0,0.0,0.0,0.0,0.0,0.0
11.0,4.0,0.0,0.0,0.0,0.0,0.0,0.0,0.0,0.0
11.0,6.0,0.0,0.0,0.0,0.0,0.0,0.0,0.0,0.0
11.0,8.0,0.0,0.0,0.0,0.0,0.0,0.0,0.0,0.0
11.0,10.0,0.0,0.0,0.0,0.0,0.0,0.0,0.0,0.0
11.0,12.0,0.0,0.0,0.0,0.0,0.0,0.0,0.0,0.0
11.0,14.0,0.0,0.0,0.0,0.0,0.0,0.0,0.0,0.0
11.0,16.0,0.0,0.0,0.0,0.0,0.0,0.0,0.0,0.0
11.0,18.0,0.0,0.0,0.0,0.0,0.0,0.0,0.0,0.0
11.0,20.0,0.0,0.0,0.0,0.0,0.0,0.0,0.0,0.0
11.0,22.0,0.0,0.0,0.0,0.0,0.0,0.0,0.0,0.0
11.0,24.0,0.0,0.0,0.0,0.0,0.0,0.0,0.0,0.0
11.0,26.0,0.0,0.0,0.0,0.0,0.0,0.0,0.0,0.0
11.0,28.0,0.0,0.0,0.0,0.0,0.0,0.0,0.0,0.0
11.0,30.0,0.0,0.0,0.0,0.0,0.0,0.0,0.0,0.0
11.0,32.0,0.0,0.0,0.0,0.0,0.0,0.0,0.0,0.0
11.0,34.0,0.0,0.0,0.0,0.0,0.0,0.0,0.0,0.0
11.0,36.0,0.0,0.0,0.0,0.0,0.0,0.0,0.0,0.0
11.0,38.0,0.0,0.0,0.0,0.0,0.0,0.0,0.0,0.0
11.0,40.0,0.0,0.0,0.0,0.0,0.0,0.0,0.0,0.0
12.0,0.0,3.142539,0.06873183,10.191975,4.1144565E-4,0.0,0.0,4.1560165E-6,0.18830258
12.0,2.0,0.0,0.0,0.0,0.0,0.0,0.0,0.0,0.0
12.0,4.0,0.0,0.0,0.0,0.0,0.0,0.0,0.0,0.0
12.0,6.0,0.0,0.0,0.0,0.0,0.0,0.0,0.0,0.0
12.0,8.0,0.0,0.0,0.0,0.0,0.0,0.0,0.0,0.0
12.0,10.0,0.0,0.0,0.0,0.0,0.0,0.0,0.0,0.0
12.0,12.0,0.0,0.0,0.0,0.0,0.0,0.0,0.0,0.0
12.0,14.0,0.0,0.0,0.0,0.0,0.0,0.0,0.0,0.0
12.0,16.0,0.0,0.0,0.0,0.0,0.0,0.0,0.0,0.0
12.0,18.0,0.0,0.0,0.0,0.0,0.0,0.0,0.0,0.0
12.0,20.0,0.0,0.0,0.0,0.0,0.0,0.0,0.0,0.0
12.0,22.0,0.0,0.0,0.0,0.0,0.0,0.0,0.0,0.0
12.0,24.0,0.0,0.0,0.0,0.0,0.0,0.0,0.0,0.0
12.0,26.0,0.0,0.0,0.0,0.0,0.0,0.0,0.0,0.0
12.0,28.0,0.0,0.0,0.0,0.0,0.0,0.0,0.0,0.0
12.0,30.0,0.0,0.0,0.0,0.0,0.0,0.0,0.0,0.0
12.0,32.0,0.0,0.0,0.0,0.0,0.0,0.0,0.0,0.0
12.0,34.0,0.0,0.0,0.0,0.0,0.0,0.0,0.0,0.0
12.0,36.0,0.0,0.0,0.0,0.0,0.0,0.0,0.0,0.0
12.0,38.0,0.0,0.0,0.0,0.0,0.0,0.0,0.0,0.0
12.0,40.0,0.0,0.0,0.0,0.0,0.0,0.0,0.0,0.0
13.0,0.0,3.1246367,0.07962488,9.801431,3.867982E-4,0.0,0.0,3.9070524E-6,0.24089888
13.0,2.0,0.0,0.0,0.0,0.0,0.0,0.0,0.0,0.0
13.0,4.0,0.0,0.0,0.0,0.0,0.0,0.0,0.0,0.0
13.0,6.0,0.0,0.0,0.0,0.0,0.0,0.0,0.0,0.0
13.0,8.0,0.0,0.0,0.0,0.0,0.0,0.0,0.0,0.0
13.0,10.0,0.0,0.0,0.0,0.0,0.0,0.0,0.0,0.0
13.0,12.0,0.0,0.0,0.0,0.0,0.0,0.0,0.0,0.0
13.0,14.0,0.0,0.0,0.0,0.0,0.0,0.0,0.0,0.0
13.0,16.0,0.0,0.0,0.0,0.0,0.0,0.0,0.0,0.0
13.0,18.0,0.0,0.0,0.0,0.0,0.0,0.0,0.0,0.0
13.0,20.0,0.0,0.0,0.0,0.0,0.0,0.0,0.0,0.0
13.0,22.0,0.0,0.0,0.0,0.0,0.0,0.0,0.0,0.0
13.0,24.0,0.0,0.0,0.0,0.0,0.0,0.0,0.0,0.0
13.0,26.0,0.0,0.0,0.0,0.0,0.0,0.0,0.0,0.0
13.0,28.0,0.0,0.0,0.0,0.0,0.0,0.0,0.0,0.0
13.0,30.0,0.0,0.0,0.0,0.0,0.0,0.0,0.0,0.0
13.0,32.0,0.0,0.0,0.0,0.0,0.0,0.0,0.0,0.0
13.0,34.0,0.0,0.0,0.0,0.0,0.0,0.0,0.0,0.0
13.0,36.0,0.0,0.0,0.0,0.0,0.0,0.0,0.0,0.0
13.0,38.0,0.0,0.0,0.0,0.0,0.0,0.0,0.0,0.0
13.0,40.0,0.0,0.0,0.0,0.0,0.0,0.0,0.0,0.0
14.0,0.0,2.9503305,0.07485836,9.670405,3.8671127E-4,0.0,0.0,3.9061742E-6,0.21753588
14.0,2.0,0.0,0.0,0.0,0.0,0.0,0.0,0.0,0.0
14.0,4.0,0.0,0.0,0.0,0.0,0.0,0.0,0.0,0.0
14.0,6.0,0.0,0.0,0.0,0.0,0.0,0.0,0.0,0.0
14.0,8.0,0.0,0.0,0.0,0.0,0.0,0.0,0.0,0.0
14.0,10.0,0.0,0.0,0.0,0.0,0.0,0.0,0.0,0.0
14.0,12.0,0.0,0.0,0.0,0.0,0.0,0.0,0.0,0.0
14.0,14.0,0.0,0.0,0.0,0.0,0.0,0.0,0.0,0.0
14.0,16.0,0.0,0.0,0.0,0.0,0.0,0.0,0.0,0.0
14.0,18.0,0.0,0.0,0.0,0.0,0.0,0.0,0.0,0.0
14.0,20.0,0.0,0.0,0.0,0.0,0.0,0.0,0.0,0.0
14.0,22.0,0.0,0.0,0.0,0.0,0.0,0.0,0.0,0.0
14.0,24.0,0.0,0.0,0.0,0.0,0.0,0.0,0.0,0.0
14.0,26.0,0.0,0.0,0.0,0.0,0.0,0.0,0.0,0.0
14.0,28.0,0.0,0.0,0.0,0.0,0.0,0.0,0.0,0.0
14.0,30.0,0.0,0.0,0.0,0.0,0.0,0.0,0.0,0.0
14.0,32.0,0.0,0.0,0.0,0.0,0.0,0.0,0.0,0.0
14.0,34.0,0.0,0.0,0.0,0.0,0.0,0.0,0.0,0.0
14.0,36.0,0.0,0.0,0.0,0.0,0.0,0.0,0.0,0.0
14.0,38.0,0.0,0.0,0.0,0.0,0.0,0.0,0.0,0.0
14.0,40.0,0.0,0.0,0.0,0.0,0.0,0.0,0.0,0.0
15.0,0.0,3.2204525,0.08212783,9.963882,3.8556257E-4,0.0,0.0,3.8945714E-6,0.22882594
15.0,2.0,0.0,0.0,0.0,0.0,0.0,0.0,0.0,0.0
15.0,4.0,0.0,0.0,0.0,0.0,0.0,0.0,0.0,0.0
15.0,6.0,0.0,0.0,0.0,0.0,0.0,0.0,0.0,0.0
15.0,8.0,0.0,0.0,0.0,0.0,0.0,0.0,0.0,0.0
15.0,10.0,0.0,0.0,0.0,0.0,0.0,0.0,0.0,0.0
15.0,12.0,0.0,0.0,0.0,0.0,0.0,0.0,0.0,0.0
15.0,14.0,0.0,0.0,0.0,0.0,0.0,0.0,0.0,0.0
15.0,16.0,0.0,0.0,0.0,0.0,0.0,0.0,0.0,0.0
15.0,18.0,0.0,0.0,0.0,0.0,0.0,0.0,0.0,0.0
15.0,20.0,0.0,0.0,0.0,0.0,0.0,0.0,0.0,0.0
15.0,22.0,0.0,0.0,0.0,0.0,0.0,0.0,0.0,0.0
15.0,24.0,0.0,0.0,0.0,0.0,0.0,0.0,0.0,0.0
15.0,26.0,0.0,0.0,0.0,0.0,0.0,0.0,0.0,0.0
15.0,28.0,0.0,0.0,0.0,0.0,0.0,0.0,0.0,0.0
15.0,30.0,0.0,0.0,0.0,0.0,0.0,0.0,0.0,0.0
15.0,32.0,0.0,0.0,0.0,0.0,0.0,0.0,0.0,0.0
15.0,34.0,0.0,0.0,0.0,0.0,0.0,0.0,0.0,0.0
15.0,36.0,0.0,0.0,0.0,0.0,0.0,0.0,0.0,0.0
15.0,38.0,0.0,0.0,0.0,0.0,0.0,0.0,0.0,0.0
15.0,40.0,0.0,0.0,0.0,0.0,0.0,0.0,0.0,0.0
16.0,0.0,3.4219263,0.07374292,10.681012,4.3539156E-4,0.0,0.0,4.3978944E-6,0.20491569
16.0,2.0,0.0,0.0,0.0,0.0,0.0,0.0,0.0,0.0
16.0,4.0,0.0,0.0,0.0,0.0,0.0,0.0,0.0,0.0
16.0,6.0,0.0,0.0,0.0,0.0,0.0,0.0,0.0,0.0
16.0,8.0,0.0,0.0,0.0,0.0,0.0,0.0,0.0,0.0
16.0,10.0,0.0,0.0,0.0,0.0,0.0,0.0,0.0,0.0
16.0,12.0,0.0,0.0,0.0,0.0,0.0,0.0,0.0,0.0
16.0,14.0,0.0,0.0,0.0,0.0,0.0,0.0,0.0,0.0
16.0,16.0,0.0,0.0,0.0,0.0,0.0,0.0,0.0,0.0
16.0,18.0,0.0,0.0,0.0,0.0,0.0,0.0,0.0,0.0
16.0,20.0,0.0,0.0,0.0,0.0,0.0,0.0,0.0,0.0
16.0,22.0,0.0,0.0,0.0,0.0,0.0,0.0,0.0,0.0
16.0,24.0,0.0,0.0,0.0,0.0,0.0,0.0,0.0,0.0
16.0,26.0,0.0,0.0,0.0,0.0,0.0,0.0,0.0,0.0
16.0,28.0,0.0,0.0,0.0,0.0,0.0,0.0,0.0,0.0
16.0,30.0,0.0,0.0,0.0,0.0,0.0,0.0,0.0,0.0
16.0,32.0,0.0,0.0,0.0,0.0,0.0,0.0,0.0,0.0
16.0,34.0,0.0,0.0,0.0,0.0,0.0,0.0,0.0,0.0
16.0,36.0,0.0,0.0,0.0,0.0,0.0,0.0,0.0,0.0
16.0,38.0,0.0,0.0,0.0,0.0,0.0,0.0,0.0,0.0
16.0,40.0,0.0,0.0,0.0,0.0,0.0,0.0,0.0,0.0
17.0,0.0,3.525395,0.06763703,10.600498,4.3146848E-4,0.0,0.0,4.3582672E-6,0.20766683
17.0,2.0,0.0,0.0,0.0,0.0,0.0,0.0,0.0,0.0
17.0,4.0,0.0,0.0,0.0,0.0,0.0,0.0,0.0,0.0
17.0,6.0,0.0,0.0,0.0,0.0,0.0,0.0,0.0,0.0
17.0,8.0,0.0,0.0,0.0,0.0,0.0,0.0,0.0,0.0
17.0,10.0,0.0,0.0,0.0,0.0,0.0,0.0,0.0,0.0
17.0,12.0,0.0,0.0,0.0,0.0,0.0,0.0,0.0,0.0
17.0,14.0,0.0,0.0,0.0,0.0,0.0,0.0,0.0,0.0
17.0,16.0,0.0,0.0,0.0,0.0,0.0,0.0,0.0,0.0
17.0,18.0,0.0,0.0,0.0,0.0,0.0,0.0,0.0,0.0
17.0,20.0,0.0,0.0,0.0,0.0,0.0,0.0,0.0,0.0
17.0,22.0,0.0,0.0,0.0,0.0,0.0,0.0,0.0,0.0
17.0,24.0,0.0,0.0,0.0,0.0,0.0,0.0,0.0,0.0
17.0,26.0,0.0,0.0,0.0,0.0,0.0,0.0,0.0,0.0
17.0,28.0,0.0,0.0,0.0,0.0,0.0,0.0,0.0,0.0
17.0,30.0,0.0,0.0,0.0,0.0,0.0,0.0,0.0,0.0
17.0,32.0,0.0,0.0,0.0,0.0,0.0,0.0,0.0,0.0
17.0,34.0,0.0,0.0,0.0,0.0,0.0,0.0,0.0,0.0
17.0,36.0,0.0,0.0,0.0,0.0,0.0,0.0,0.0,0.0
17.0,38.0,0.0,0.0,0.0,0.0,0.0,0.0,0.0,0.0
17.0,40.0,0.0,0.0,0.0,0.0,0.0,0.0,0.0,0.0
18.0,0.0,3.5867133,0.06233309,11.247597,4.7133685E-4,0.0,0.0,4.7609783E-6,0.17738265
18.0,2.0,0.0,0.0,0.0,0.0,0.0,0.0,0.0,0.0
18.0,4.0,0.0,0.0,0.0,0.0,0.0,0.0,0.0,0.0
18.0,6.0,0.0,0.0,0.0,0.0,0.0,0.0,0.0,0.0
18.0,8.0,0.0,0.0,0.0,0.0,0.0,0.0,0.0,0.0
18.0,10.0,0.0,0.0,0.0,0.0,0.0,0.0,0.0,0.0
18.0,12.0,0.0,0.0,0.0,0.0,0.0,0.0,0.0,0.0
18.0,14.0,0.0,0.0,0.0,0.0,0.0,0.0,0.0,0.0
18.0,16.0,0.0,0.0,0.0,0.0,0.0,0.0,0.0,0.0
18.0,18.0,0.0,0.0,0.0,0.0,0.0,0.0,0.0,0.0
18.0,20.0,0.0,0.0,0.0,0.0,0.0,0.0,0.0,0.0
18.0,22.0,0.0,0.0,0.0,0.0,0.0,0.0,0.0,0.0
18.0,24.0,0.0,0.0,0.0,0.0,0.0,0.0,0.0,0.0
18.0,26.0,0.0,0.0,0.0,0.0,0.0,0.0,0.0,0.0
18.0,28.0,0.0,0.0,0.0,0.0,0.0,0.0,0.0,0.0
18.0,30.0,0.0,0.0,0.0,0.0,0.0,0.0,0.0,0.0
18.0,32.0,0.0,0.0,0.0,0.0,0.0,0.0,0.0,0.0
18.0,34.0,0.0,0.0,0.0,0.0,0.0,0.0,0.0,0.0
18.0,36.0,0.0,0.0,0.0,0.0,0.0,0.0,0.0,0.0
18.0,38.0,0.0,0.0,0.0,0.0,0.0,0.0,0.0,0.0
18.0,40.0,0.0,0.0,0.0,0.0,0.0,0.0,0.0,0.0
19.0,0.0,3.154411,0.07528073,10.588926,4.4723524E-4,0.0,0.0,4.5175275E-6,0.10002465
19.0,2.0,0.0,0.0,0.0,0.0,0.0,0.0,0.0,0.0
19.0,4.0,0.0,0.0,0.0,0.0,0.0,0.0,0.0,0.0
19.0,6.0,0.0,0.0,0.0,0.0,0.0,0.0,0.0,0.0
19.0,8.0,0.0,0.0,0.0,0.0,0.0,0.0,0.0,0.0
19.0,10.0,0.0,0.0,0.0,0.0,0.0,0.0,0.0,0.0
19.0,12.0,0.0,0.0,0.0,0.0,0.0,0.0,0.0,0.0
19.0,14.0,0.0,0.0,0.0,0.0,0.0,0.0,0.0,0.0
19.0,16.0,0.0,0.0,0.0,0.0,0.0,0.0,0.0,0.0
19.0,18.0,0.0,0.0,0.0,0.0,0.0,0.0,0.0,0.0
19.0,20.0,0.0,0.0,0.0,0.0,0.0,0.0,0.0,0.0
19.0,22.0,0.0,0.0,0.0,0.0,0.0,0.0,0.0,0.0
19.0,24.0,0.0,0.0,0.0,0.0,0.0,0.0,0.0,0.0
19.0,26.0,0.0,0.0,0.0,0.0,0.0,0.0,0.0,0.0
19.0,28.0,0.0,0.0,0.0,0.0,0.0,0.0,0.0,0.0
19.0,30.0,0.0,0.0,0.0,0.0,0.0,0.0,0.0,0.0
19.0,32.0,0.0,0.0,0.0,0.0,0.0,0.0,0.0,0.0
19.0,34.0,0.0,0.0,0.0,0.0,0.0,0.0,0.0,0.0
19.0,36.0,0.0,0.0,0.0,0.0,0.0,0.0,0.0,0.0
19.0,38.0,0.0,0.0,0.0,0.0,0.0,0.0,0.0,0.0
19.0,40.0,0.0,0.0,0.0,0.0,0.0,0.0,0.0,0.0
20.0,0.0,3.2009282,0.07463702,9.560166,4.6148867E-4,0.0,0.0,4.661502E-6,0.22205564
20.0,2.0,0.0,0.0,0.0,0.0,0.0,0.0,0.0,0.0
20.0,4.0,0.0,0.0,0.0,0.0,0.0,0.0,0.0,0.0
20.0,6.0,0.0,0.0,0.0,0.0,0.0,0.0,0.0,0.0
20.0,8.0,0.0,0.0,0.0,0.0,0.0,0.0,0.0,0.0
20.0,10.0,0.0,0.0,0.0,0.0,0.0,0.0,0.0,0.0
20.0,12.0,0.0,0.0,0.0,0.0,0.0,0.0,0.0,0.0
20.0,14.0,0.0,0.0,0.0,0.0,0.0,0.0,0.0,0.0
20.0,16.0,0.0,0.0,0.0,0.0,0.0,0.0,0.0,0.0
20.0,18.0,0.0,0.0,0.0,0.0,0.0,0.0,0.0,0.0
20.0,20.0,0.0,0.0,0.0,0.0,0.0,0.0,0.0,0.0
20.0,22.0,0.0,0.0,0.0,0.0,0.0,0.0,0.0,0.0
20.0,24.0,0.0,0.0,0.0,0.0,0.0,0.0,0.0,0.0
20.0,26.0,0.0,0.0,0.0,0.0,0.0,0.0,0.0,0.0
20.0,28.0,0.0,0.0,0.0,0.0,0.0,0.0,0.0,0.0
20.0,30.0,0.0,0.0,0.0,0.0,0.0,0.0,0.0,0.0
20.0,32.0,0.0,0.0,0.0,0.0,0.0,0.0,0.0,0.0
20.0,34.0,0.0,0.0,0.0,0.0,0.0,0.0,0.0,0.0
20.0,36.0,0.0,0.0,0.0,0.0,0.0,0.0,0.0,0.0
20.0,38.0,0.0,0.0,0.0,0.0,0.0,0.0,0.0,0.0
20.0,40.0,0.0,0.0,0.0,0.0,0.0,0.0,0.0,0.0
21.0,0.0,3.1467078,0.06706468,10.066188,4.1774934E-4,0.0,0.0,4.2196903E-6,0.14163092
21.0,2.0,0.0,0.0,0.0,0.0,0.0,0.0,0.0,0.0
21.0,4.0,0.0,0.0,0.0,0.0,0.0,0.0,0.0,0.0
21.0,6.0,0.0,0.0,0.0,0.0,0.0,0.0,0.0,0.0
21.0,8.0,0.0,0.0,0.0,0.0,0.0,0.0,0.0,0.0
21.0,10.0,0.0,0.0,0.0,0.0,0.0,0.0,0.0,0.0
21.0,12.0,0.0,0.0,0.0,0.0,0.0,0.0,0.0,0.0
21.0,14.0,0.0,0.0,0.0,0.0,0.0,0.0,0.0,0.0
21.0,16.0,0.0,0.0,0.0,0.0,0.0,0.0,0.0,0.0
21.0,18.0,0.0,0.0,0.0,0.0,0.0,0.0,0.0,0.0
21.0,20.0,0.0,0.0,0.0,0.0,0.0,0.0,0.0,0.0
21.0,22.0,0.0,0.0,0.0,0.0,0.0,0.0,0.0,0.0
21.0,24.0,0.0,0.0,0.0,0.0,0.0,0.0,0.0,0.0
21.0,26.0,0.0,0.0,0.0,0.0,0.0,0.0,0.0,0.0
21.0,28.0,0.0,0.0,0.0,0.0,0.0,0.0,0.0,0.0
21.0,30.0,0.0,0.0,0.0,0.0,0.0,0.0,0.0,0.0
21.0,32.0,0.0,0.0,0.0,0.0,0.0,0.0,0.0,0.0
21.0,34.0,0.0,0.0,0.0,0.0,0.0,0.0,0.0,0.0
21.0,36.0,0.0,0.0,0.0,0.0,0.0,0.0,0.0,0.0
21.0,38.0,0.0,0.0,0.0,0.0,0.0,0.0,0.0,0.0
21.0,40.0,0.0,0.0,0.0,0.0,0.0,0.0,0.0,0.0
22.0,0.0,3.4275253,0.07493278,10.0670395,3.7622935E-4,0.0,0.0,3.8002966E-6,0.18669255
22.0,2.0,0.0,0.0,0.0,0.0,0.0,0.0,0.0,0.0
22.0,4.0,0.0,0.0,0.0,0.0,0.0,0.0,0.0,0.0
22.0,6.0,0.0,0.0,0.0,0.0,0.0,0.0,0.0,0.0
22.0,8.0,0.0,0.0,0.0,0.0,0.0,0.0,0.0,0.0
22.0,10.0,0.0,0.0,0.0,0.0,0.0,0.0,0.0,0.0
22.0,12.0,0.0,0.0,0.0,0.0,0.0,0.0,0.0,0.0
22.0,14.0,0.0,0.0,0.0,0.0,0.0,0.0,0.0,0.0
22.0,16.0,0.0,0.0,0.0,0.0,0.0,0.0,0.0,0.0
22.0,18.0,0.0,0.0,0.0,0.0,0.0,0.0,0.0,0.0
22.0,20.0,0.0,0.0,0.0,0.0,0.0,0.0,0.0,0.0
22.0,22.0,0.0,0.0,0.0,0.0,0.0,0.0,0.0,0.0
22.0,24.0,0.0,0.0,0.0,0.0,0.0,0.0,0.0,0.0
22.0,26.0,0.0,0.0,0.0,0.0,0.0,0.0,0.0,0.0
22.0,28.0,0.0,0.0,0.0,0.0,0.0,0.0,0.0,0.0
22.0,30.0,0.0,0.0,0.0,0.0,0.0,0.0,0.0,0.0
22.0,32.0,0.0,0.0,0.0,0.0,0.0,0.0,0.0,0.0
22.0,34.0,0.0,0.0,0.0,0.0,0.0,0.0,0.0,0.0
22.0,36.0,0.0,0.0,0.0,0.0,0.0,0.0,0.0,0.0
22.0,38.0,0.0,0.0,0.0,0.0,0.0,0.0,0.0,0.0
22.0,40.0,0.0,0.0,0.0,0.0,0.0,0.0,0.0,0.0
23.0,0.0,3.122357,0.074151576,9.626359,3.9907816E-4,0.0,0.0,4.0310924E-6,0.18837288
23.0,2.0,0.0,0.0,0.0,0.0,0.0,0.0,0.0,0.0
23.0,4.0,0.0,0.0,0.0,0.0,0.0,0.0,0.0,0.0
23.0,6.0,0.0,0.0,0.0,0.0,0.0,0.0,0.0,0.0
23.0,8.0,0.0,0.0,0.0,0.0,0.0,0.0,0.0,0.0
23.0,10.0,0.0,0.0,0.0,0.0,0.0,0.0,0.0,0.0
23.0,12.0,0.0,0.0,0.0,0.0,0.0,0.0,0.0,0.0
23.0,14.0,0.0,0.0,0.0,0.0,0.0,0.0,0.0,0.0
23.0,16.0,0.0,0.0,0.0,0.0,0.0,0.0,0.0,0.0
23.0,18.0,0.0,0.0,0.0,0.0,0.0,0.0,0.0,0.0
23.0,20.0,0.0,0.0,0.0,0.0,0.0,0.0,0.0,0.0
23.0,22.0,0.0,0.0,0.0,0.0,0.0,0.0,0.0,0.0
23.0,24.0,0.0,0.0,0.0,0.0,0.0,0.0,0.0,0.0
23.0,26.0,0.0,0.0,0.0,0.0,0.0,0.0,0.0,0.0
23.0,28.0,0.0,0.0,0.0,0.0,0.0,0.0,0.0,0.0
23.0,30.0,0.0,0.0,0.0,0.0,0.0,0.0,0.0,0.0
23.0,32.0,0.0,0.0,0.0,0.0,0.0,0.0,0.0,0.0
23.0,34.0,0.0,0.0,0.0,0.0,0.0,0.0,0.0,0.0
23.0,36.0,0.0,0.0,0.0,0.0,0.0,0.0,0.0,0.0
23.0,38.0,0.0,0.0,0.0,0.0,0.0,0.0,0.0,0.0
23.0,40.0,0.0,0.0,0.0,0.0,0.0,0.0,0.0,0.0
24.0,0.0,3.2276318,0.06784609,9.917468,3.7889223E-4,0.0,0.0,3.827194E-6,0.20432559
24.0,2.0,0.0,0.0,0.0,0.0,0.0,0.0,0.0,0.0
24.0,4.0,0.0,0.0,0.0,0.0,0.0,0.0,0.0,0.0
24.0,6.0,0.0,0.0,0.0,0.0,0.0,0.0,0.0,0.0
24.0,8.0,0.0,0.0,0.0,0.0,0.0,0.0,0.0,0.0
24.0,10.0,0.0,0.0,0.0,0.0,0.0,0.0,0.0,0.0
24.0,12.0,0.0,0.0,0.0,0.0,0.0,0.0,0.0,0.0
24.0,14.0,0.0,0.0,0.0,0.0,0.0,0.0,0.0,0.0
24.0,16.0,0.0,0.0,0.0,0.0,0.0,0.0,0.0,0.0
24.0,18.0,0.0,0.0,0.0,0.0,0.0,0.0,0.0,0.0
24.0,20.0,0.0,0.0,0.0,0.0,0.0,0.0,0.0,0.0
24.0,22.0,0.0,0.0,0.0,0.0,0.0,0.0,0.0,0.0
24.0,24.0,0.0,0.0,0.0,0.0,0.0,0.0,0.0,0.0
24.0,26.0,0.0,0.0,0.0,0.0,0.0,0.0,0.0,0.0
24.0,28.0,0.0,0.0,0.0,0.0,0.0,0.0,0.0,0.0
24.0,30.0,0.0,0.0,0.0,0.0,0.0,0.0,0.0,0.0
24.0,32.0,0.0,0.0,0.0,0.0,0.0,0.0,0.0,0.0
24.0,34.0,0.0,0.0,0.0,0.0,0.0,0.0,0.0,0.0
24.0,36.0,0.0,0.0,0.0,0.0,0.0,0.0,0.0,0.0
24.0,38.0,0.0,0.0,0.0,0.0,0.0,0.0,0.0,0.0
24.0,40.0,0.0,0.0,0.0,0.0,0.0,0.0,0.0,0.0
25.0,0.0,3.225795,0.06692865,10.801701,4.2438222E-4,0.0,0.0,4.286689E-6,0.1270005
25.0,2.0,0.0,0.0,0.0,0.0,0.0,0.0,0.0,0.0
25.0,4.0,0.0,0.0,0.0,0.0,0.0,0.0,0.0,0.0
25.0,6.0,0.0,0.0,0.0,0.0,0.0,0.0,0.0,0.0
25.0,8.0,0.0,0.0,0.0,0.0,0.0,0.0,0.0,0.0
25.0,10.0,0.0,0.0,0.0,0.0,0.0,0.0,0.0,0.0
25.0,12.0,0.0,0.0,0.0,0.0,0.0,0.0,0.0,0.0
25.0,14.0,0.0,0.0,0.0,0.0,0.0,0.0,0.0,0.0
25.0,16.0,0.0,0.0,0.0,0.0,0.0,0.0,0.0,0.0
25.0,18.0,0.0,0.0,0.0,0.0,0.0,0.0,0.0,0.0
25.0,20.0,0.0,0.0,0.0,0.0,0.0,0.0,0.0,0.0
25.0,22.0,0.0,0.0,0.0,0.0,0.0,0.0,0.0,0.0
25.0,24.0,0.0,0.0,0.0,0.0,0.0,0.0,0.0,0.0
25.0,26.0,0.0,0.0,0.0,0.0,0.0,0.0,0.0,0.0
25.0,28.0,0.0,0.0,0.0,0.0,0.0,0.0,0.0,0.0
25.0,30.0,0.0,0.0,0.0,0.0,0.0,0.0,0.0,0.0
25.0,32.0,0.0,0.0,0.0,0.0,0.0,0.0,0.0,0.0
25.0,34.0,0.0,0.0,0.0,0.0,0.0,0.0,0.0,0.0
25.0,36.0,0.0,0.0,0.0,0.0,0.0,0.0,0.0,0.0
25.0,38.0,0.0,0.0,0.0,0.0,0.0,0.0,0.0,0.0
25.0,40.0,0.0,0.0,0.0,0.0,0.0,0.0,0.0,0.0
26.0,0.0,2.9444642,0.07718209,8.914529,3.4270645E-4,0.0,0.0,3.4616812E-6,0.18228278
26.0,2.0,0.0,0.0,0.0,0.0,0.0,0.0,0.0,0.0
26.0,4.0,0.0,0.0,0.0,0.0,0.0,0.0,0.0,0.0
26.0,6.0,0.0,0.0,0.0,0.0,0.0,0.0,0.0,0.0
26.0,8.0,0.0,0.0,0.0,0.0,0.0,0.0,0.0,0.0
26.0,10.0,0.0,0.0,0.0,0.0,0.0,0.0,0.0,0.0
26.0,12.0,0.0,0.0,0.0,0.0,0.0,0.0,0.0,0.0
26.0,14.0,0.0,0.0,0.0,0.0,0.0,0.0,0.0,0.0
26.0,16.0,0.0,0.0,0.0,0.0,0.0,0.0,0.0,0.0
26.0,18.0,0.0,0.0,0.0,0.0,0.0,0.0,0.0,0.0
26.0,20.0,0.0,0.0,0.0,0.0,0.0,0.0,0.0,0.0
26.0,22.0,0.0,0.0,0.0,0.0,0.0,0.0,0.0,0.0
26.0,24.0,0.0,0.0,0.0,0.0,0.0,0.0,0.0,0.0
26.0,26.0,0.0,0.0,0.0,0.0,0.0,0.0,0.0,0.0
26.0,28.0,0.0,0.0,0.0,0.0,0.0,0.0,0.0,0.0
26.0,30.0,0.0,0.0,0.0,0.0,0.0,0.0,0.0,0.0
26.0,32.0,0.0,0.0,0.0,0.0,0.0,0.0,0.0,0.0
26.0,34.0,0.0,0.0,0.0,0.0,0.0,0.0,0.0,0.0
26.0,36.0,0.0,0.0,0.0,0.0,0.0,0.0,0.0,0.0
26.0,38.0,0.0,0.0,0.0,0.0,0.0,0.0,0.0,0.0
26.0,40.0,0.0,0.0,0.0,0.0,0.0,0.0,0.0,0.0
27.0,0.0,3.009254,0.074788004,9.158894,3.5480325E-4,0.0,0.0,3.5838714E-6,0.18762535
27.0,2.0,0.0,0.0,0.0,0.0,0.0,0.0,0.0,0.0
27.0,4.0,0.0,0.0,0.0,0.0,0.0,0.0,0.0,0.0
27.0,6.0,0.0,0.0,0.0,0.0,0.0,0.0,0.0,0.0
27.0,8.0,0.0,0.0,0.0,0.0,0.0,0.0,0.0,0.0
27.0,10.0,0.0,0.0,0.0,0.0,0.0,0.0,0.0,0.0
27.0,12.0,0.0,0.0,0.0,0.0,0.0,0.0,0.0,0.0
27.0,14.0,0.0,0.0,0.0,0.0,0.0,0.0,0.0,0.0
27.0,16.0,0.0,0.0,0.0,0.0,0.0,0.0,0.0,0.0
27.0,18.0,0.0,0.0,0.0,0.0,0.0,0.0,0.0,0.0
27.0,20.0,0.0,0.0,0.0,0.0,0.0,0.0,0.0,0.0
27.0,22.0,0.0,0.0,0.0,0.0,0.0,0.0,0.0,0.0
27.0,24.0,0.0,0.0,0.0,0.0,0.0,0.0,0.0,0.0
27.0,26.0,0.0,0.0,0.0,0.0,0.0,0.0,0.0,0.0
27.0,28.0,0.0,0.0,0.0,0.0,0.0,0.0,0.0,0.0
27.0,30.0,0.0,0.0,0.0,0.0,0.0,0.0,0.0,0.0
27.0,32.0,0.0,0.0,0.0,0.0,0.0,0.0,0.0,0.0
27.0,34.0,0.0,0.0,0.0,0.0,0.0,0.0,0.0,0.0
27.0,36.0,0.0,0.0,0.0,0.0,0.0,0.0,0.0,0.0
27.0,38.0,0.0,0.0,0.0,0.0,0.0,0.0,0.0,0.0
27.0,40.0,0.0,0.0,0.0,0.0,0.0,0.0,0.0,0.0
28.0,0.0,3.1397197,0.06653269,10.307157,4.2538272E-4,0.0,0.0,4.296795E-6,0.18874806
28.0,2.0,0.0,0.0,0.0,0.0,0.0,0.0,0.0,0.0
28.0,4.0,0.0,0.0,0.0,0.0,0.0,0.0,0.0,0.0
28.0,6.0,0.0,0.0,0.0,0.0,0.0,0.0,0.0,0.0
28.0,8.0,0.0,0.0,0.0,0.0,0.0,0.0,0.0,0.0
28.0,10.0,0.0,0.0,0.0,0.0,0.0,0.0,0.0,0.0
28.0,12.0,0.0,0.0,0.0,0.0,0.0,0.0,0.0,0.0
28.0,14.0,0.0,0.0,0.0,0.0,0.0,0.0,0.0,0.0
28.0,16.0,0.0,0.0,0.0,0.0,0.0,0.0,0.0,0.0
28.0,18.0,0.0,0.0,0.0,0.0,0.0,0.0,0.0,0.0
28.0,20.0,0.0,0.0,0.0,0.0,0.0,0.0,0.0,0.0
28.0,22.0,0.0,0.0,0.0,0.0,0.0,0.0,0.0,0.0
28.0,24.0,0.0,0.0,0.0,0.0,0.0,0.0,0.0,0.0
28.0,26.0,0.0,0.0,0.0,0.0,0.0,0.0,0.0,0.0
28.0,28.0,0.0,0.0,0.0,0.0,0.0,0.0,0.0,0.0
28.0,30.0,0.0,0.0,0.0,0.0,0.0,0.0,0.0,0.0
28.0,32.0,0.0,0.0,0.0,0.0,0.0,0.0,0.0,0.0
28.0,34.0,0.0,0.0,0.0,0.0,0.0,0.0,0.0,0.0
28.0,36.0,0.0,0.0,0.0,0.0,0.0,0.0,0.0,0.0
28.0,38.0,0.0,0.0,0.0,0.0,0.0,0.0,0.0,0.0
28.0,40.0,0.0,0.0,0.0,0.0,0.0,0.0,0.0,0.0
29.0,0.0,2.7627888,0.073015414,8.944312,3.3539903E-4,0.0,0.0,3.3878691E-6,0.15882617
29.0,2.0,0.0,0.0,0.0,0.0,0.0,0.0,0.0,0.0
29.0,4.0,0.0,0.0,0.0,0.0,0.0,0.0,0.0,0.0
29.0,6.0,0.0,0.0,0.0,0.0,0.0,0.0,0.0,0.0
29.0,8.0,0.0,0.0,0.0,0.0,0.0,0.0,0.0,0.0
29.0,10.0,0.0,0.0,0.0,0.0,0.0,0.0,0.0,0.0
29.0,12.0,0.0,0.0,0.0,0.0,0.0,0.0,0.0,0.0
29.0,14.0,0.0,0.0,0.0,0.0,0.0,0.0,0.0,0.0
29.0,16.0,0.0,0.0,0.0,0.0,0.0,0.0,0.0,0.0
29.0,18.0,0.0,0.0,0.0,0.0,0.0,0.0,0.0,0.0
29.0,20.0,0.0,0.0,0.0,0.0,0.0,0.0,0.0,0.0
29.0,22.0,0.0,0.0,0.0,0.0,0.0,0.0,0.0,0.0
29.0,24.0,0.0,0.0,0.0,0.0,0.0,0.0,0.0,0.0
29.0,26.0,0.0,0.0,0.0,0.0,0.0,0.0,0.0,0.0
29.0,28.0,0.0,0.0,0.0,0.0,0.0,0.0,0.0,0.0
29.0,30.0,0.0,0.0,0.0,0.0,0.0,0.0,0.0,0.0
29.0,32.0,0.0,0.0,0.0,0.0,0.0,0.0,0.0,0.0
29.0,34.0,0.0,0.0,0.0,0.0,0.0,0.0,0.0,0.0
29.0,36.0,0.0,0.0,0.0,0.0,0.0,0.0,0.0,0.0
29.0,38.0,0.0,0.0,0.0,0.0,0.0,0.0,0.0,0.0
29.0,40.0,0.0,0.0,0.0,0.0,0.0,0.0,0.0,0.0
30.0,0.0,3.2659645,0.06748306,9.685086,3.7772284E-4,0.0,0.0,3.815382E-6,0.19274808
30.0,2.0,0.0,0.0,0.0,0.0,0.0,0.0,0.0,0.0
30.0,4.0,0.0,0.0,0.0,0.0,0.0,0.0,0.0,0.0
30.0,6.0,0.0,0.0,0.0,0.0,0.0,0.0,0.0,0.0
30.0,8.0,0.0,0.0,0.0,0.0,0.0,0.0,0.0,0.0
30.0,10.0,0.0,0.0,0.0,0.0,0.0,0.0,0.0,0.0
30.0,12.0,0.0,0.0,0.0,0.0,0.0,0.0,0.0,0.0
30.0,14.0,0.0,0.0,0.0,0.0,0.0,0.0,0.0,0.0
30.0,16.0,0.0,0.0,0.0,0.0,0.0,0.0,0.0,0.0
30.0,18.0,0.0,0.0,0.0,0.0,0.0,0.0,0.0,0.0
30.0,20.0,0.0,0.0,0.0,0.0,0.0,0.0,0.0,0.0
30.0,22.0,0.0,0.0,0.0,0.0,0.0,0.0,0.0,0.0
30.0,24.0,0.0,0.0,0.0,0.0,0.0,0.0,0.0,0.0
30.0,26.0,0.0,0.0,0.0,0.0,0.0,0.0,0.0,0.0
30.0,28.0,0.0,0.0,0.0,0.0,0.0,0.0,0.0,0.0
30.0,30.0,0.0,0.0,0.0,0.0,0.0,0.0,0.0,0.0
30.0,32.0,0.0,0.0,0.0,0.0,0.0,0.0,0.0,0.0
30.0,34.0,0.0,0.0,0.0,0.0,0.0,0.0,0.0,0.0
30.0,36.0,0.0,0.0,0.0,0.0,0.0,0.0,0.0,0.0
30.0,38.0,0.0,0.0,0.0,0.0,0.0,0.0,0.0,0.0
30.0,40.0,0.0,0.0,0.0,0.0,0.0,0.0,0.0,0.0
31.0,0.0,2.9575858,0.06450628,10.308916,4.3095052E-4,0.0,0.0,4.3530354E-6,0.14652066
31.0,2.0,0.0,0.0,0.0,0.0,0.0,0.0,0.0,0.0
31.0,4.0,0.0,0.0,0.0,0.0,0.0,0.0,0.0,0.0
31.0,6.0,0.0,0.0,0.0,0.0,0.0,0.0,0.0,0.0
31.0,8.0,0.0,0.0,0.0,0.0,0.0,0.0,0.0,0.0
31.0,10.0,0.0,0.0,0.0,0.0,0.0,0.0,0.0,0.0
31.0,12.0,0.0,0.0,0.0,0.0,0.0,0.0,0.0,0.0
31.0,14.0,0.0,0.0,0.0,0.0,0.0,0.0,0.0,0.0
31.0,16.0,0.0,0.0,0.0,0.0,0.0,0.0,0.0,0.0
31.0,18.0,0.0,0.0,0.0,0.0,0.0,0.0,0.0,0.0
31.0,20.0,0.0,0.0,0.0,0.0,0.0,0.0,0.0,0.0
31.0,22.0,0.0,0.0,0.0,0.0,0.0,0.0,0.0,0.0
31.0,24.0,0.0,0.0,0.0,0.0,0.0,0.0,0.0,0.0
31.0,26.0,0.0,0.0,0.0,0.0,0.0,0.0,0.0,0.0
31.0,28.0,0.0,0.0,0.0,0.0,0.0,0.0,0.0,0.0
31.0,30.0,0.0,0.0,0.0,0.0,0.0,0.0,0.0,0.0
31.0,32.0,0.0,0.0,0.0,0.0,0.0,0.0,0.0,0.0
31.0,34.0,0.0,0.0,0.0,0.0,0.0,0.0,0.0,0.0
31.0,36.0,0.0,0.0,0.0,0.0,0.0,0.0,0.0,0.0
31.0,38.0,0.0,0.0,0.0,0.0,0.0,0.0,0.0,0.0
31.0,40.0,0.0,0.0,0.0,0.0,0.0,0.0,0.0,0.0
32.0,0.0,2.8476806,0.073723584,8.388838,2.9690537E-4,0.0,0.0,2.999044E-6,0.20416339
32.0,2.0,0.0,0.0,0.0,0.0,0.0,0.0,0.0,0.0
32.0,4.0,0.0,0.0,0.0,0.0,0.0,0.0,0.0,0.0
32.0,6.0,0.0,0.0,0.0,0.0,0.0,0.0,0.0,0.0
32.0,8.0,0.0,0.0,0.0,0.0,0.0,0.0,0.0,0.0
32.0,10.0,0.0,0.0,0.0,0.0,0.0,0.0,0.0,0.0
32.0,12.0,0.0,0.0,0.0,0.0,0.0,0.0,0.0,0.0
32.0,14.0,0.0,0.0,0.0,0.0,0.0,0.0,0.0,0.0
32.0,16.0,0.0,0.0,0.0,0.0,0.0,0.0,0.0,0.0
32.0,18.0,0.0,0.0,0.0,0.0,0.0,0.0,0.0,0.0
32.0,20.0,0.0,0.0,0.0,0.0,0.0,0.0,0.0,0.0
32.0,22.0,0.0,0.0,0.0,0.0,0.0,0.0,0.0,0.0
32.0,24.0,0.0,0.0,0.0,0.0,0.0,0.0,0.0,0.0
32.0,26.0,0.0,0.0,0.0,0.0,0.0,0.0,0.0,0.0
32.0,28.0,0.0,0.0,0.0,0.0,0.0,0.0,0.0,0.0
32.0,30.0,0.0,0.0,0.0,0.0,0.0,0.0,0.0,0.0
32.0,32.0,0.0,0.0,0.0,0.0,0.0,0.0,0.0,0.0
32.0,34.0,0.0,0.0,0.0,0.0,0.0,0.0,0.0,0.0
32.0,36.0,0.0,0.0,0.0,0.0,0.0,0.0,0.0,0.0
32.0,38.0,0.0,0.0,0.0,0.0,0.0,0.0,0.0,0.0
32.0,40.0,0.0,0.0,0.0,0.0,0.0,0.0,0.0,0.0
33.0,0.0,2.9687471,0.07349762,9.358264,3.144088E-4,0.0,0.0,3.1758466E-6,0.20459454
33.0,2.0,0.0,0.0,0.0,0.0,0.0,0.0,0.0,0.0
33.0,4.0,0.0,0.0,0.0,0.0,0.0,0.0,0.0,0.0
33.0,6.0,0.0,0.0,0.0,0.0,0.0,0.0,0.0,0.0
33.0,8.0,0.0,0.0,0.0,0.0,0.0,0.0,0.0,0.0
33.0,10.0,0.0,0.0,0.0,0.0,0.0,0.0,0.0,0.0
33.0,12.0,0.0,0.0,0.0,0.0,0.0,0.0,0.0,0.0
33.0,14.0,0.0,0.0,0.0,0.0,0.0,0.0,0.0,0.0
33.0,16.0,0.0,0.0,0.0,0.0,0.0,0.0,0.0,0.0
33.0,18.0,0.0,0.0,0.0,0.0,0.0,0.0,0.0,0.0
33.0,20.0,0.0,0.0,0.0,0.0,0.0,0.0,0.0,0.0
33.0,22.0,0.0,0.0,0.0,0.0,0.0,0.0,0.0,0.0
33.0,24.0,0.0,0.0,0.0,0.0,0.0,0.0,0.0,0.0
33.0,26.0,0.0,0.0,0.0,0.0,0.0,0.0,0.0,0.0
33.0,28.0,0.0,0.0,0.0,0.0,0.0,0.0,0.0,0.0
33.0,30.0,0.0,0.0,0.0,0.0,0.0,0.0,0.0,0.0
33.0,32.0,0.0,0.0,0.0,0.0,0.0,0.0,0.0,0.0
33.0,34.0,0.0,0.0,0.0,0.0,0.0,0.0,0.0,0.0
33.0,36.0,0.0,0.0,0.0,0.0,0.0,0.0,0.0,0.0
33.0,38.0,0.0,0.0,0.0,0.0,0.0,0.0,0.0,0.0
33.0,40.0,0.0,0.0,0.0,0.0,0.0,0.0,0.0,0.0
34.0,0.0,3.0638883,0.06694027,9.815732,3.833141E-4,0.0,0.0,3.8718595E-6,0.17398643
34.0,2.0,0.0,0.0,0.0,0.0,0.0,0.0,0.0,0.0
34.0,4.0,0.0,0.0,0.0,0.0,0.0,0.0,0.0,0.0
34.0,6.0,0.0,0.0,0.0,0.0,0.0,0.0,0.0,0.0
34.0,8.0,0.0,0.0,0.0,0.0,0.0,0.0,0.0,0.0
34.0,10.0,0.0,0.0,0.0,0.0,0.0,0.0,0.0,0.0
34.0,12.0,0.0,0.0,0.0,0.0,0.0,0.0,0.0,0.0
34.0,14.0,0.0,0.0,0.0,0.0,0.0,0.0,0.0,0.0
34.0,16.0,0.0,0.0,0.0,0.0,0.0,0.0,0.0,0.0
34.0,18.0,0.0,0.0,0.0,0.0,0.0,0.0,0.0,0.0
34.0,20.0,0.0,0.0,0.0,0.0,0.0,0.0,0.0,0.0
34.0,22.0,0.0,0.0,0.0,0.0,0.0,0.0,0.0,0.0
34.0,24.0,0.0,0.0,0.0,0.0,0.0,0.0,0.0,0.0
34.0,26.0,0.0,0.0,0.0,0.0,0.0,0.0,0.0,0.0
34.0,28.0,0.0,0.0,0.0,0.0,0.0,0.0,0.0,0.0
34.0,30.0,0.0,0.0,0.0,0.0,0.0,0.0,0.0,0.0
34.0,32.0,0.0,0.0,0.0,0.0,0.0,0.0,0.0,0.0
34.0,34.0,0.0,0.0,0.0,0.0,0.0,0.0,0.0,0.0
34.0,36.0,0.0,0.0,0.0,0.0,0.0,0.0,0.0,0.0
34.0,38.0,0.0,0.0,0.0,0.0,0.0,0.0,0.0,0.0
34.0,40.0,0.0,0.0,0.0,0.0,0.0,0.0,0.0,0.0
35.0,0.0,3.0813315,0.07439673,9.604302,3.883563E-4,0.0,0.0,3.9227907E-6,0.1872058
35.0,2.0,0.0,0.0,0.0,0.0,0.0,0.0,0.0,0.0
35.0,4.0,0.0,0.0,0.0,0.0,0.0,0.0,0.0,0.0
35.0,6.0,0.0,0.0,0.0,0.0,0.0,0.0,0.0,0.0
35.0,8.0,0.0,0.0,0.0,0.0,0.0,0.0,0.0,0.0
35.0,10.0,0.0,0.0,0.0,0.0,0.0,0.0,0.0,0.0
35.0,12.0,0.0,0.0,0.0,0.0,0.0,0.0,0.0,0.0
35.0,14.0,0.0,0.0,0.0,0.0,0.0,0.0,0.0,0.0
35.0,16.0,0.0,0.0,0.0,0.0,0.0,0.0,0.0,0.0
35.0,18.0,0.0,0.0,0.0,0.0,0.0,0.0,0.0,0.0
35.0,20.0,0.0,0.0,0.0,0.0,0.0,0.0,0.0,0.0
35.0,22.0,0.0,0.0,0.0,0.0,0.0,0.0,0.0,0.0
35.0,24.0,0.0,0.0,0.0,0.0,0.0,0.0,0.0,0.0
35.0,26.0,0.0,0.0,0.0,0.0,0.0,0.0,0.0,0.0
35.0,28.0,0.0,0.0,0.0,0.0,0.0,0.0,0.0,0.0
35.0,30.0,0.0,0.0,0.0,0.0,0.0,0.0,0.0,0.0
35.0,32.0,0.0,0.0,0.0,0.0,0.0,0.0,0.0,0.0
35.0,34.0,0.0,0.0,0.0,0.0,0.0,0.0,0.0,0.0
35.0,36.0,0.0,0.0,0.0,0.0,0.0,0.0,0.0,0.0
35.0,38.0,0.0,0.0,0.0,0.0,0.0,0.0,0.0,0.0
35.0,40.0,0.0,0.0,0.0,0.0,0.0,0.0,0.0,0.0
36.0,0.0,2.869939,0.07634884,8.421007,3.2428233E-4,0.0,0.0,3.2755793E-6,0.23255602
36.0,2.0,0.0,0.0,0.0,0.0,0.0,0.0,0.0,0.0
36.0,4.0,0.0,0.0,0.0,0.0,0.0,0.0,0.0,0.0
36.0,6.0,0.0,0.0,0.0,0.0,0.0,0.0,0.0,0.0
36.0,8.0,0.0,0.0,0.0,0.0,0.0,0.0,0.0,0.0
36.0,10.0,0.0,0.0,0.0,0.0,0.0,0.0,0.0,0.0
36.0,12.0,0.0,0.0,0.0,0.0,0.0,0.0,0.0,0.0
36.0,14.0,0.0,0.0,0.0,0.0,0.0,0.0,0.0,0.0
36.0,16.0,0.0,0.0,0.0,0.0,0.0,0.0,0.0,0.0
36.0,18.0,0.0,0.0,0.0,0.0,0.0,0.0,0.0,0.0
36.0,20.0,0.0,0.0,0.0,0.0,0.0,0.0,0.0,0.0
36.0,22.0,0.0,0.0,0.0,0.0,0.0,0.0,0.0,0.0
36.0,24.0,0.0,0.0,0.0,0.0,0.0,0.0,0.0,0.0
36.0,26.0,0.0,0.0,0.0,0.0,0.0,0.0,0.0,0.0
36.0,28.0,0.0,0.0,0.0,0.0,0.0,0.0,0.0,0.0
36.0,30.0,0.0,0.0,0.0,0.0,0.0,0.0,0.0,0.0
36.0,32.0,0.0,0.0,0.0,0.0,0.0,0.0,0.0,0.0
36.0,34.0,0.0,0.0,0.0,0.0,0.0,0.0,0.0,0.0
36.0,36.0,0.0,0.0,0.0,0.0,0.0,0.0,0.0,0.0
36.0,38.0,0.0,0.0,0.0,0.0,0.0,0.0,0.0,0.0
36.0,40.0,0.0,0.0,0.0,0.0,0.0,0.0,0.0,0.0
37.0,0.0,3.094681,0.06767263,9.812063,3.8281735E-4,0.0,0.0,3.866842E-6,0.16534439
37.0,2.0,0.0,0.0,0.0,0.0,0.0,0.0,0.0,0.0
37.0,4.0,0.0,0.0,0.0,0.0,0.0,0.0,0.0,0.0
37.0,6.0,0.0,0.0,0.0,0.0,0.0,0.0,0.0,0.0
37.0,8.0,0.0,0.0,0.0,0.0,0.0,0.0,0.0,0.0
37.0,10.0,0.0,0.0,0.0,0.0,0.0,0.0,0.0,0.0
37.0,12.0,0.0,0.0,0.0,0.0,0.0,0.0,0.0,0.0
37.0,14.0,0.0,0.0,0.0,0.0,0.0,0.0,0.0,0.0
37.0,16.0,0.0,0.0,0.0,0.0,0.0,0.0,0.0,0.0
37.0,18.0,0.0,0.0,0.0,0.0,0.0,0.0,0.0,0.0
37.0,20.0,0.0,0.0,0.0,0.0,0.0,0.0,0.0,0.0
37.0,22.0,0.0,0.0,0.0,0.0,0.0,0.0,0.0,0.0
37.0,24.0,0.0,0.0,0.0,0.0,0.0,0.0,0.0,0.0
37.0,26.0,0.0,0.0,0.0,0.0,0.0,0.0,0.0,0.0
37.0,28.0,0.0,0.0,0.0,0.0,0.0,0.0,0.0,0.0
37.0,30.0,0.0,0.0,0.0,0.0,0.0,0.0,0.0,0.0
37.0,32.0,0.0,0.0,0.0,0.0,0.0,0.0,0.0,0.0
37.0,34.0,0.0,0.0,0.0,0.0,0.0,0.0,0.0,0.0
37.0,36.0,0.0,0.0,0.0,0.0,0.0,0.0,0.0,0.0
37.0,38.0,0.0,0.0,0.0,0.0,0.0,0.0,0.0,0.0
37.0,40.0,0.0,0.0,0.0,0.0,0.0,0.0,0.0,0.0
38.0,0.0,3.1105907,0.06547732,10.397933,4.3763258E-4,0.0,0.0,4.4205312E-6,0.12020403
38.0,2.0,0.0,0.0,0.0,0.0,0.0,0.0,0.0,0.0
38.0,4.0,0.0,0.0,0.0,0.0,0.0,0.0,0.0,0.0
38.0,6.0,0.0,0.0,0.0,0.0,0.0,0.0,0.0,0.0
38.0,8.0,0.0,0.0,0.0,0.0,0.0,0.0,0.0,0.0
38.0,10.0,0.0,0.0,0.0,0.0,0.0,0.0,0.0,0.0
38.0,12.0,0.0,0.0,0.0,0.0,0.0,0.0,0.0,0.0
38.0,14.0,0.0,0.0,0.0,0.0,0.0,0.0,0.0,0.0
38.0,16.0,0.0,0.0,0.0,0.0,0.0,0.0,0.0,0.0
38.0,18.0,0.0,0.0,0.0,0.0,0.0,0.0,0.0,0.0
38.0,20.0,0.0,0.0,0.0,0.0,0.0,0.0,0.0,0.0
38.0,22.0,0.0,0.0,0.0,0.0,0.0,0.0,0.0,0.0
38.0,24.0,0.0,0.0,0.0,0.0,0.0,0.0,0.0,0.0
38.0,26.0,0.0,0.0,0.0,0.0,0.0,0.0,0.0,0.0
38.0,28.0,0.0,0.0,0.0,0.0,0.0,0.0,0.0,0.0
38.0,30.0,0.0,0.0,0.0,0.0,0.0,0.0,0.0,0.0
38.0,32.0,0.0,0.0,0.0,0.0,0.0,0.0,0.0,0.0
38.0,34.0,0.0,0.0,0.0,0.0,0.0,0.0,0.0,0.0
38.0,36.0,0.0,0.0,0.0,0.0,0.0,0.0,0.0,0.0
38.0,38.0,0.0,0.0,0.0,0.0,0.0,0.0,0.0,0.0
38.0,40.0,0.0,0.0,0.0,0.0,0.0,0.0,0.0,0.0
39.0,0.0,2.8222609,0.07619437,9.335727,3.597316E-4,0.0,0.0,3.6336528E-6,0.15929212
39.0,2.0,0.0,0.0,0.0,0.0,0.0,0.0,0.0,0.0
39.0,4.0,0.0,0.0,0.0,0.0,0.0,0.0,0.0,0.0
39.0,6.0,0.0,0.0,0.0,0.0,0.0,0.0,0.0,0.0
39.0,8.0,0.0,0.0,0.0,0.0,0.0,0.0,0.0,0.0
39.0,10.0,0.0,0.0,0.0,0.0,0.0,0.0,0.0,0.0
39.0,12.0,0.0,0.0,0.0,0.0,0.0,0.0,0.0,0.0
39.0,14.0,0.0,0.0,0.0,0.0,0.0,0.0,0.0,0.0
39.0,16.0,0.0,0.0,0.0,0.0,0.0,0.0,0.0,0.0
39.0,18.0,0.0,0.0,0.0,0.0,0.0,0.0,0.0,0.0
39.0,20.0,0.0,0.0,0.0,0.0,0.0,0.0,0.0,0.0
39.0,22.0,0.0,0.0,0.0,0.0,0.0,0.0,0.0,0.0
39.0,24.0,0.0,0.0,0.0,0.0,0.0,0.0,0.0,0.0
39.0,26.0,0.0,0.0,0.0,0.0,0.0,0.0,0.0,0.0
39.0,28.0,0.0,0.0,0.0,0.0,0.0,0.0,0.0,0.0
39.0,30.0,0.0,0.0,0.0,0.0,0.0,0.0,0.0,0.0
39.0,32.0,0.0,0.0,0.0,0.0,0.0,0.0,0.0,0.0
39.0,34.0,0.0,0.0,0.0,0.0,0.0,0.0,0.0,0.0
39.0,36.0,0.0,0.0,0.0,0.0,0.0,0.0,0.0,0.0
39.0,38.0,0.0,0.0,0.0,0.0,0.0,0.0,0.0,0.0
39.0,40.0,0.0,0.0,0.0,0.0,0.0,0.0,0.0,0.0
40.0,0.0,3.0027146,0.07734714,8.871417,3.3779143E-4,0.0,0.0,3.4120346E-6,0.20699933
40.0,2.0,0.0,0.0,0.0,0.0,0.0,0.0,0.0,0.0
40.0,4.0,0.0,0.0,0.0,0.0,0.0,0.0,0.0,0.0
40.0,6.0,0.0,0.0,0.0,0.0,0.0,0.0,0.0,0.0
40.0,8.0,0.0,0.0,0.0,0.0,0.0,0.0,0.0,0.0
40.0,10.0,0.0,0.0,0.0,0.0,0.0,0.0,0.0,0.0
40.0,12.0,0.0,0.0,0.0,0.0,0.0,0.0,0.0,0.0
40.0,14.0,0.0,0.0,0.0,0.0,0.0,0.0,0.0,0.0
40.0,16.0,0.0,0.0,0.0,0.0,0.0,0.0,0.0,0.0
40.0,18.0,0.0,0.0,0.0,0.0,0.0,0.0,0.0,0.0
40.0,20.0,0.0,0.0,0.0,0.0,0.0,0.0,0.0,0.0
40.0,22.0,0.0,0.0,0.0,0.0,0.0,0.0,0.0,0.0
40.0,24.0,0.0,0.0,0.0,0.0,0.0,0.0,0.0,0.0
40.0,26.0,0.0,0.0,0.0,0.0,0.0,0.0,0.0,0.0
40.0,28.0,0.0,0.0,0.0,0.0,0.0,0.0,0.0,0.0
40.0,30.0,0.0,0.0,0.0,0.0,0.0,0.0,0.0,0.0
40.0,32.0,0.0,0.0,0.0,0.0,0.0,0.0,0.0,0.0
40.0,34.0,0.0,0.0,0.0,0.0,0.0,0.0,0.0,0.0
40.0,36.0,0.0,0.0,0.0,0.0,0.0,0.0,0.0,0.0
40.0,38.0,0.0,0.0,0.0,0.0,0.0,0.0,0.0,0.0
40.0,40.0,0.0,0.0,0.0,0.0,0.0,0.0,0.0,0.0
41.0,0.0,2.8530324,0.07012874,9.399042,3.9631684E-4,0.0,0.0,4.0032005E-6,0.17584054
41.0,2.0,0.0,0.0,0.0,0.0,0.0,0.0,0.0,0.0
41.0,4.0,0.0,0.0,0.0,0.0,0.0,0.0,0.0,0.0
41.0,6.0,0.0,0.0,0.0,0.0,0.0,0.0,0.0,0.0
41.0,8.0,0.0,0.0,0.0,0.0,0.0,0.0,0.0,0.0
41.0,10.0,0.0,0.0,0.0,0.0,0.0,0.0,0.0,0.0
41.0,12.0,0.0,0.0,0.0,0.0,0.0,0.0,0.0,0.0
41.0,14.0,0.0,0.0,0.0,0.0,0.0,0.0,0.0,0.0
41.0,16.0,0.0,0.0,0.0,0.0,0.0,0.0,0.0,0.0
41.0,18.0,0.0,0.0,0.0,0.0,0.0,0.0,0.0,0.0
41.0,20.0,0.0,0.0,0.0,0.0,0.0,0.0,0.0,0.0
41.0,22.0,0.0,0.0,0.0,0.0,0.0,0.0,0.0,0.0
41.0,24.0,0.0,0.0,0.0,0.0,0.0,0.0,0.0,0.0
41.0,26.0,0.0,0.0,0.0,0.0,0.0,0.0,0.0,0.0
41.0,28.0,0.0,0.0,0.0,0.0,0.0,0.0,0.0,0.0
41.0,30.0,0.0,0.0,0.0,0.0,0.0,0.0,0.0,0.0
41.0,32.0,0.0,0.0,0.0,0.0,0.0,0.0,0.0,0.0
41.0,34.0,0.0,0.0,0.0,0.0,0.0,0.0,0.0,0.0
41.0,36.0,0.0,0.0,0.0,0.0,0.0,0.0,0.0,0.0
41.0,38.0,0.0,0.0,0.0,0.0,0.0,0.0,0.0,0.0
41.0,40.0,0.0,0.0,0.0,0.0,0.0,0.0,0.0,0.0
42.0,0.0,3.0182862,0.07386114,9.033479,3.703609E-4,0.0,0.0,3.7410193E-6,0.15501262
42.0,2.0,0.0,0.0,0.0,0.0,0.0,0.0,0.0,0.0
42.0,4.0,0.0,0.0,0.0,0.0,0.0,0.0,0.0,0.0
42.0,6.0,0.0,0.0,0.0,0.0,0.0,0.0,0.0,0.0
42.0,8.0,0.0,0.0,0.0,0.0,0.0,0.0,0.0,0.0
42.0,10.0,0.0,0.0,0.0,0.0,0.0,0.0,0.0,0.0
42.0,12.0,0.0,0.0,0.0,0.0,0.0,0.0,0.0,0.0
42.0,14.0,0.0,0.0,0.0,0.0,0.0,0.0,0.0,0.0
42.0,16.0,0.0,0.0,0.0,0.0,0.0,0.0,0.0,0.0
42.0,18.0,0.0,0.0,0.0,0.0,0.0,0.0,0.0,0.0
42.0,20.0,0.0,0.0,0.0,0.0,0.0,0.0,0.0,0.0
42.0,22.0,0.0,0.0,0.0,0.0,0.0,0.0,0.0,0.0
42.0,24.0,0.0,0.0,0.0,0.0,0.0,0.0,0.0,0.0
42.0,26.0,0.0,0.0,0.0,0.0,0.0,0.0,0.0,0.0
42.0,28.0,0.0,0.0,0.0,0.0,0.0,0.0,0.0,0.0
42.0,30.0,0.0,0.0,0.0,0.0,0.0,0.0,0.0,0.0
42.0,32.0,0.0,0.0,0.0,0.0,0.0,0.0,0.0,0.0
42.0,34.0,0.0,0.0,0.0,0.0,0.0,0.0,0.0,0.0
42.0,36.0,0.0,0.0,0.0,0.0,0.0,0.0,0.0,0.0
42.0,38.0,0.0,0.0,0.0,0.0,0.0,0.0,0.0,0.0
42.0,40.0,0.0,0.0,0.0,0.0,0.0,0.0,0.0,0.0
43.0,0.0,2.9483278,0.07481397,8.787107,3.3258603E-4,0.0,0.0,3.3594547E-6,0.22401443
43.0,2.0,0.0,0.0,0.0,0.0,0.0,0.0,0.0,0.0
43.0,4.0,0.0,0.0,0.0,0.0,0.0,0.0,0.0,0.0
43.0,6.0,0.0,0.0,0.0,0.0,0.0,0.0,0.0,0.0
43.0,8.0,0.0,0.0,0.0,0.0,0.0,0.0,0.0,0.0
43.0,10.0,0.0,0.0,0.0,0.0,0.0,0.0,0.0,0.0
43.0,12.0,0.0,0.0,0.0,0.0,0.0,0.0,0.0,0.0
43.0,14.0,0.0,0.0,0.0,0.0,0.0,0.0,0.0,0.0
43.0,16.0,0.0,0.0,0.0,0.0,0.0,0.0,0.0,0.0
43.0,18.0,0.0,0.0,0.0,0.0,0.0,0.0,0.0,0.0
43.0,20.0,0.0,0.0,0.0,0.0,0.0,0.0,0.0,0.0
43.0,22.0,0.0,0.0,0.0,0.0,0.0,0.0,0.0,0.0
43.0,24.0,0.0,0.0,0.0,0.0,0.0,0.0,0.0,0.0
43.0,26.0,0.0,0.0,0.0,0.0,0.0,0.0,0.0,0.0
43.0,28.0,0.0,0.0,0.0,0.0,0.0,0.0,0.0,0.0
43.0,30.0,0.0,0.0,0.0,0.0,0.0,0.0,0.0,0.0
43.0,32.0,0.0,0.0,0.0,0.0,0.0,0.0,0.0,0.0
43.0,34.0,0.0,0.0,0.0,0.0,0.0,0.0,0.0,0.0
43.0,36.0,0.0,0.0,0.0,0.0,0.0,0.0,0.0,0.0
43.0,38.0,0.0,0.0,0.0,0.0,0.0,0.0,0.0,0.0
43.0,40.0,0.0,0.0,0.0,0.0,0.0,0.0,0.0,0.0
44.0,0.0,2.8195927,0.06470564,9.97559,3.8916312E-4,0.0,0.0,3.9309407E-6,0.17314956
44.0,2.0,0.0,0.0,0.0,0.0,0.0,0.0,0.0,0.0
44.0,4.0,0.0,0.0,0.0,0.0,0.0,0.0,0.0,0.0
44.0,6.0,0.0,0.0,0.0,0.0,0.0,0.0,0.0,0.0
44.0,8.0,0.0,0.0,0.0,0.0,0.0,0.0,0.0,0.0
44.0,10.0,0.0,0.0,0.0,0.0,0.0,0.0,0.0,0.0
44.0,12.0,0.0,0.0,0.0,0.0,0.0,0.0,0.0,0.0
44.0,14.0,0.0,0.0,0.0,0.0,0.0,0.0,0.0,0.0
44.0,16.0,0.0,0.0,0.0,0.0,0.0,0.0,0.0,0.0
44.0,18.0,0.0,0.0,0.0,0.0,0.0,0.0,0.0,0.0
44.0,20.0,0.0,0.0,0.0,0.0,0.0,0.0,0.0,0.0
44.0,22.0,0.0,0.0,0.0,0.0,0.0,0.0,0.0,0.0
44.0,24.0,0.0,0.0,0.0,0.0,0.0,0.0,0.0,0.0
44.0,26.0,0.0,0.0,0.0,0.0,0.0,0.0,0.0,0.0
44.0,28.0,0.0,0.0,0.0,0.0,0.0,0.0,0.0,0.0
44.0,30.0,0.0,0.0,0.0,0.0,0.0,0.0,0.0,0.0
44.0,32.0,0.0,0.0,0.0,0.0,0.0,0.0,0.0,0.0
44.0,34.0,0.0,0.0,0.0,0.0,0.0,0.0,0.0,0.0
44.0,36.0,0.0,0.0,0.0,0.0,0.0,0.0,0.0,0.0
44.0,38.0,0.0,0.0,0.0,0.0,0.0,0.0,0.0,0.0
44.0,40.0,0.0,0.0,0.0,0.0,0.0,0.0,0.0,0.0
45.0,0.0,3.127299,0.06879265,9.669085,3.5411867E-4,0.0,0.0,3.5769563E-6,0.1769264
45.0,2.0,0.0,0.0,0.0,0.0,0.0,0.0,0.0,0.0
45.0,4.0,0.0,0.0,0.0,0.0,0.0,0.0,0.0,0.0
45.0,6.0,0.0,0.0,0.0,0.0,0.0,0.0,0.0,0.0
45.0,8.0,0.0,0.0,0.0,0.0,0.0,0.0,0.0,0.0
45.0,10.0,0.0,0.0,0.0,0.0,0.0,0.0,0.0,0.0
45.0,12.0,0.0,0.0,0.0,0.0,0.0,0.0,0.0,0.0
45.0,14.0,0.0,0.0,0.0,0.0,0.0,0.0,0.0,0.0
45.0,16.0,0.0,0.0,0.0,0.0,0.0,0.0,0.0,0.0
45.0,18.0,0.0,0.0,0.0,0.0,0.0,0.0,0.0,0.0
45.0,20.0,0.0,0.0,0.0,0.0,0.0,0.0,0.0,0.0
45.0,22.0,0.0,0.0,0.0,0.0,0.0,0.0,0.0,0.0
45.0,24.0,0.0,0.0,0.0,0.0,0.0,0.0,0.0,0.0
45.0,26.0,0.0,0.0,0.0,0.0,0.0,0.0,0.0,0.0
45.0,28.0,0.0,0.0,0.0,0.0,0.0,0.0,0.0,0.0
45.0,30.0,0.0,0.0,0.0,0.0,0.0,0.0,0.0,0.0
45.0,32.0,0.0,0.0,0.0,0.0,0.0,0.0,0.0,0.0
45.0,34.0,0.0,0.0,0.0,0.0,0.0,0.0,0.0,0.0
45.0,36.0,0.0,0.0,0.0,0.0,0.0,0.0,0.0,0.0
45.0,38.0,0.0,0.0,0.0,0.0,0.0,0.0,0.0,0.0
45.0,40.0,0.0,0.0,0.0,0.0,0.0,0.0,0.0,0.0
46.0,0.0,3.1574206,0.06975804,9.551217,3.734885E-4,0.0,0.0,3.772611E-6,0.18536595
46.0,2.0,0.0,0.0,0.0,0.0,0.0,0.0,0.0,0.0
46.0,4.0,0.0,0.0,0.0,0.0,0.0,0.0,0.0,0.0
46.0,6.0,0.0,0.0,0.0,0.0,0.0,0.0,0.0,0.0
46.0,8.0,0.0,0.0,0.0,0.0,0.0,0.0,0.0,0.0
46.0,10.0,0.0,0.0,0.0,0.0,0.0,0.0,0.0,0.0
46.0,12.0,0.0,0.0,0.0,0.0,0.0,0.0,0.0,0.0
46.0,14.0,0.0,0.0,0.0,0.0,0.0,0.0,0.0,0.0
46.0,16.0,0.0,0.0,0.0,0.0,0.0,0.0,0.0,0.0
46.0,18.0,0.0,0.0,0.0,0.0,0.0,0.0,0.0,0.0
46.0,20.0,0.0,0.0,0.0,0.0,0.0,0.0,0.0,0.0
46.0,22.0,0.0,0.0,0.0,0.0,0.0,0.0,0.0,0.0
46.0,24.0,0.0,0.0,0.0,0.0,0.0,0.0,0.0,0.0
46.0,26.0,0.0,0.0,0.0,0.0,0.0,0.0,0.0,0.0
46.0,28.0,0.0,0.0,0.0,0.0,0.0,0.0,0.0,0.0
46.0,30.0,0.0,0.0,0.0,0.0,0.0,0.0,0.0,0.0
46.0,32.0,0.0,0.0,0.0,0.0,0.0,0.0,0.0,0.0
46.0,34.0,0.0,0.0,0.0,0.0,0.0,0.0,0.0,0.0
46.0,36.0,0.0,0.0,0.0,0.0,0.0,0.0,0.0,0.0
46.0,38.0,0.0,0.0,0.0,0.0,0.0,0.0,0.0,0.0
46.0,40.0,0.0,0.0,0.0,0.0,0.0,0.0,0.0,0.0
47.0,0.0,2.8666039,0.0726955,8.915452,3.2771853E-4,0.0,0.0,3.3102883E-6,0.17934407
47.0,2.0,0.0,0.0,0.0,0.0,0.0,0.0,0.0,0.0
47.0,4.0,0.0,0.0,0.0,0.0,0.0,0.0,0.0,0.0
47.0,6.0,0.0,0.0,0.0,0.0,0.0,0.0,0.0,0.0
47.0,8.0,0.0,0.0,0.0,0.0,0.0,0.0,0.0,0.0
47.0,10.0,0.0,0.0,0.0,0.0,0.0,0.0,0.0,0.0
47.0,12.0,0.0,0.0,0.0,0.0,0.0,0.0,0.0,0.0
47.0,14.0,0.0,0.0,0.0,0.0,0.0,0.0,0.0,0.0
47.0,16.0,0.0,0.0,0.0,0.0,0.0,0.0,0.0,0.0
47.0,18.0,0.0,0.0,0.0,0.0,0.0,0.0,0.0,0.0
47.0,20.0,0.0,0.0,0.0,0.0,0.0,0.0,0.0,0.0
47.0,22.0,0.0,0.0,0.0,0.0,0.0,0.0,0.0,0.0
47.0,24.0,0.0,0.0,0.0,0.0,0.0,0.0,0.0,0.0
47.0,26.0,0.0,0.0,0.0,0.0,0.0,0.0,0.0,0.0
47.0,28.0,0.0,0.0,0.0,0.0,0.0,0.0,0.0,0.0
47.0,30.0,0.0,0.0,0.0,0.0,0.0,0.0,0.0,0.0
47.0,32.0,0.0,0.0,0.0,0.0,0.0,0.0,0.0,0.0
47.0,34.0,0.0,0.0,0.0,0.0,0.0,0.0,0.0,0.0
47.0,36.0,0.0,0.0,0.0,0.0,0.0,0.0,0.0,0.0
47.0,38.0,0.0,0.0,0.0,0.0,0.0,0.0,0.0,0.0
47.0,40.0,0.0,0.0,0.0,0.0,0.0,0.0,0.0,0.0
48.0,0.0,3.0145245,0.069021896,9.665668,3.9281874E-4,0.0,0.0,3.9678657E-6,0.17689379
48.0,2.0,0.0,0.0,0.0,0.0,0.0,0.0,0.0,0.0
48.0,4.0,0.0,0.0,0.0,0.0,0.0,0.0,0.0,0.0
48.0,6.0,0.0,0.0,0.0,0.0,0.0,0.0,0.0,0.0
48.0,8.0,0.0,0.0,0.0,0.0,0.0,0.0,0.0,0.0
48.0,10.0,0.0,0.0,0.0,0.0,0.0,0.0,0.0,0.0
48.0,12.0,0.0,0.0,0.0,0.0,0.0,0.0,0.0,0.0
48.0,14.0,0.0,0.0,0.0,0.0,0.0,0.0,0.0,0.0
48.0,16.0,0.0,0.0,0.0,0.0,0.0,0.0,0.0,0.0
48.0,18.0,0.0,0.0,0.0,0.0,0.0,0.0,0.0,0.0
48.0,20.0,0.0,0.0,0.0,0.0,0.0,0.0,0.0,0.0
48.0,22.0,0.0,0.0,0.0,0.0,0.0,0.0,0.0,0.0
48.0,24.0,0.0,0.0,0.0,0.0,0.0,0.0,0.0,0.0
48.0,26.0,0.0,0.0,0.0,0.0,0.0,0.0,0.0,0.0
48.0,28.0,0.0,0.0,0.0,0.0,0.0,0.0,0.0,0.0
48.0,30.0,0.0,0.0,0.0,0.0,0.0,0.0,0.0,0.0
48.0,32.0,0.0,0.0,0.0,0.0,0.0,0.0,0.0,0.0
48.0,34.0,0.0,0.0,0.0,0.0,0.0,0.0,0.0,0.0
48.0,36.0,0.0,0.0,0.0,0.0,0.0,0.0,0.0,0.0
48.0,38.0,0.0,0.0,0.0,0.0,0.0,0.0,0.0,0.0
48.0,40.0,0.0,0.0,0.0,0.0,0.0,0.0,0.0,0.0
49.0,0.0,3.0255504,0.06559564,9.150006,3.49909E-4,0.0,0.0,3.5344344E-6,0.21455479
49.0,2.0,0.0,0.0,0.0,0.0,0.0,0.0,0.0,0.0
49.0,4.0,0.0,0.0,0.0,0.0,0.0,0.0,0.0,0.0
49.0,6.0,0.0,0.0,0.0,0.0,0.0,0.0,0.0,0.0
49.0,8.0,0.0,0.0,0.0,0.0,0.0,0.0,0.0,0.0
49.0,10.0,0.0,0.0,0.0,0.0,0.0,0.0,0.0,0.0
49.0,12.0,0.0,0.0,0.0,0.0,0.0,0.0,0.0,0.0
49.0,14.0,0.0,0.0,0.0,0.0,0.0,0.0,0.0,0.0
49.0,16.0,0.0,0.0,0.0,0.0,0.0,0.0,0.0,0.0
49.0,18.0,0.0,0.0,0.0,0.0,0.0,0.0,0.0,0.0
49.0,20.0,0.0,0.0,0.0,0.0,0.0,0.0,0.0,0.0
49.0,22.0,0.0,0.0,0.0,0.0,0.0,0.0,0.0,0.0
49.0,24.0,0.0,0.0,0.0,0.0,0.0,0.0,0.0,0.0
49.0,26.0,0.0,0.0,0.0,0.0,0.0,0.0,0.0,0.0
49.0,28.0,0.0,0.0,0.0,0.0,0.0,0.0,0.0,0.0
49.0,30.0,0.0,0.0,0.0,0.0,0.0,0.0,0.0,0.0
49.0,32.0,0.0,0.0,0.0,0.0,0.0,0.0,0.0,0.0
49.0,34.0,0.0,0.0,0.0,0.0,0.0,0.0,0.0,0.0
49.0,36.0,0.0,0.0,0.0,0.0,0.0,0.0,0.0,0.0
49.0,38.0,0.0,0.0,0.0,0.0,0.0,0.0,0.0,0.0
49.0,40.0,0.0,0.0,0.0,0.0,0.0,0.0,0.0,0.0
50.0,0.0,3.1106453,0.06197406,9.962999,4.0572582E-4,0.0,0.0,4.0982404E-6,0.16637231
50.0,2.0,0.0,0.0,0.0,0.0,0.0,0.0,0.0,0.0
50.0,4.0,0.0,0.0,0.0,0.0,0.0,0.0,0.0,0.0
50.0,6.0,0.0,0.0,0.0,0.0,0.0,0.0,0.0,0.0
50.0,8.0,0.0,0.0,0.0,0.0,0.0,0.0,0.0,0.0
50.0,10.0,0.0,0.0,0.0,0.0,0.0,0.0,0.0,0.0
50.0,12.0,0.0,0.0,0.0,0.0,0.0,0.0,0.0,0.0
50.0,14.0,0.0,0.0,0.0,0.0,0.0,0.0,0.0,0.0
50.0,16.0,0.0,0.0,0.0,0.0,0.0,0.0,0.0,0.0
50.0,18.0,0.0,0.0,0.0,0.0,0.0,0.0,0.0,0.0
50.0,20.0,0.0,0.0,0.0,0.0,0.0,0.0,0.0,0.0
50.0,22.0,0.0,0.0,0.0,0.0,0.0,0.0,0.0,0.0
50.0,24.0,0.0,0.0,0.0,0.0,0.0,0.0,0.0,0.0
50.0,26.0,0.0,0.0,0.0,0.0,0.0,0.0,0.0,0.0
50.0,28.0,0.0,0.0,0.0,0.0,0.0,0.0,0.0,0.0
50.0,30.0,0.0,0.0,0.0,0.0,0.0,0.0,0.0,0.0
50.0,32.0,0.0,0.0,0.0,0.0,0.0,0.0,0.0,0.0
50.0,34.0,0.0,0.0,0.0,0.0,0.0,0.0,0.0,0.0
50.0,36.0,0.0,0.0,0.0,0.0,0.0,0.0,0.0,0.0
50.0,38.0,0.0,0.0,0.0,0.0,0.0,0.0,0.0,0.0
50.0,40.0,0.0,0.0,0.0,0.0,0.0,0.0,0.0,0.0
51.0,0.0,3.016889,0.06348557,10.134904,3.93173E-4,0.0,0.0,3.9714446E-6,0.14411281
51.0,2.0,0.0,0.0,0.0,0.0,0.0,0.0,0.0,0.0
51.0,4.0,0.0,0.0,0.0,0.0,0.0,0.0,0.0,0.0
51.0,6.0,0.0,0.0,0.0,0.0,0.0,0.0,0.0,0.0
51.0,8.0,0.0,0.0,0.0,0.0,0.0,0.0,0.0,0.0
51.0,10.0,0.0,0.0,0.0,0.0,0.0,0.0,0.0,0.0
51.0,12.0,0.0,0.0,0.0,0.0,0.0,0.0,0.0,0.0
51.0,14.0,0.0,0.0,0.0,0.0,0.0,0.0,0.0,0.0
51.0,16.0,0.0,0.0,0.0,0.0,0.0,0.0,0.0,0.0
51.0,18.0,0.0,0.0,0.0,0.0,0.0,0.0,0.0,0.0
51.0,20.0,0.0,0.0,0.0,0.0,0.0,0.0,0.0,0.0
51.0,22.0,0.0,0.0,0.0,0.0,0.0,0.0,0.0,0.0
51.0,24.0,0.0,0.0,0.0,0.0,0.0,0.0,0.0,0.0
51.0,26.0,0.0,0.0,0.0,0.0,0.0,0.0,0.0,0.0
51.0,28.0,0.0,0.0,0.0,0.0,0.0,0.0,0.0,0.0
51.0,30.0,0.0,0.0,0.0,0.0,0.0,0.0,0.0,0.0
51.0,32.0,0.0,0.0,0.0,0.0,0.0,0.0,0.0,0.0
51.0,34.0,0.0,0.0,0.0,0.0,0.0,0.0,0.0,0.0
51.0,36.0,0.0,0.0,0.0,0.0,0.0,0.0,0.0,0.0
51.0,38.0,0.0,0.0,0.0,0.0,0.0,0.0,0.0,0.0
51.0,40.0,0.0,0.0,0.0,0.0,0.0,0.0,0.0,0.0
52.0,0.0,2.9532874,0.07125935,9.220087,3.6504847E-4,0.0,0.0,3.6873582E-6,0.16538018
52.0,2.0,0.0,0.0,0.0,0.0,0.0,0.0,0.0,0.0
52.0,4.0,0.0,0.0,0.0,0.0,0.0,0.0,0.0,0.0
52.0,6.0,0.0,0.0,0.0,0.0,0.0,0.0,0.0,0.0
52.0,8.0,0.0,0.0,0.0,0.0,0.0,0.0,0.0,0.0
52.0,10.0,0.0,0.0,0.0,0.0,0.0,0.0,0.0,0.0
52.0,12.0,0.0,0.0,0.0,0.0,0.0,0.0,0.0,0.0
52.0,14.0,0.0,0.0,0.0,0.0,0.0,0.0,0.0,0.0
52.0,16.0,0.0,0.0,0.0,0.0,0.0,0.0,0.0,0.0
52.0,18.0,0.0,0.0,0.0,0.0,0.0,0.0,0.0,0.0
52.0,20.0,0.0,0.0,0.0,0.0,0.0,0.0,0.0,0.0
52.0,22.0,0.0,0.0,0.0,0.0,0.0,0.0,0.0,0.0
52.0,24.0,0.0,0.0,0.0,0.0,0.0,0.0,0.0,0.0
52.0,26.0,0.0,0.0,0.0,0.0,0.0,0.0,0.0,0.0
52.0,28.0,0.0,0.0,0.0,0.0,0.0,0.0,0.0,0.0
52.0,30.0,0.0,0.0,0.0,0.0,0.0,0.0,0.0,0.0
52.0,32.0,0.0,0.0,0.0,0.0,0.0,0.0,0.0,0.0
52.0,34.0,0.0,0.0,0.0,0.0,0.0,0.0,0.0,0.0
52.0,36.0,0.0,0.0,0.0,0.0,0.0,0.0,0.0,0.0
52.0,38.0,0.0,0.0,0.0,0.0,0.0,0.0,0.0,0.0
52.0,40.0,0.0,0.0,0.0,0.0,0.0,0.0,0.0,0.0
53.0,0.0,2.904017,0.07071612,9.0567875,3.4131156E-4,0.0,0.0,3.4475916E-6,0.16754697
53.0,2.0,0.0,0.0,0.0,0.0,0.0,0.0,0.0,0.0
53.0,4.0,0.0,0.0,0.0,0.0,0.0,0.0,0.0,0.0
53.0,6.0,0.0,0.0,0.0,0.0,0.0,0.0,0.0,0.0
53.0,8.0,0.0,0.0,0.0,0.0,0.0,0.0,0.0,0.0
53.0,10.0,0.0,0.0,0.0,0.0,0.0,0.0,0.0,0.0
53.0,12.0,0.0,0.0,0.0,0.0,0.0,0.0,0.0,0.0
53.0,14.0,0.0,0.0,0.0,0.0,0.0,0.0,0.0,0.0
53.0,16.0,0.0,0.0,0.0,0.0,0.0,0.0,0.0,0.0
53.0,18.0,0.0,0.0,0.0,0.0,0.0,0.0,0.0,0.0
53.0,20.0,0.0,0.0,0.0,0.0,0.0,0.0,0.0,0.0
53.0,22.0,0.0,0.0,0.0,0.0,0.0,0.0,0.0,0.0
53.0,24.0,0.0,0.0,0.0,0.0,0.0,0.0,0.0,0.0
53.0,26.0,0.0,0.0,0.0,0.0,0.0,0.0,0.0,0.0
53.0,28.0,0.0,0.0,0.0,0.0,0.0,0.0,0.0,0.0
53.0,30.0,0.0,0.0,0.0,0.0,0.0,0.0,0.0,0.0
53.0,32.0,0.0,0.0,0.0,0.0,0.0,0.0,0.0,0.0
53.0,34.0,0.0,0.0,0.0,0.0,0.0,0.0,0.0,0.0
53.0,36.0,0.0,0.0,0.0,0.0,0.0,0.0,0.0,0.0
53.0,38.0,0.0,0.0,0.0,0.0,0.0,0.0,0.0,0.0
53.0,40.0,0.0,0.0,0.0,0.0,0.0,0.0,0.0,0.0
54.0,0.0,2.7959712,0.07464268,8.640557,3.2295144E-4,0.0,0.0,3.2621356E-6,0.18676072
54.0,2.0,0.0,0.0,0.0,0.0,0.0,0.0,0.0,0.0
54.0,4.0,0.0,0.0,0.0,0.0,0.0,0.0,0.0,0.0
54.0,6.0,0.0,0.0,0.0,0.0,0.0,0.0,0.0,0.0
54.0,8.0,0.0,0.0,0.0,0.0,0.0,0.0,0.0,0.0
54.0,10.0,0.0,0.0,0.0,0.0,0.0,0.0,0.0,0.0
54.0,12.0,0.0,0.0,0.0,0.0,0.0,0.0,0.0,0.0
54.0,14.0,0.0,0.0,0.0,0.0,0.0,0.0,0.0,0.0
54.0,16.0,0.0,0.0,0.0,0.0,0.0,0.0,0.0,0.0
54.0,18.0,0.0,0.0,0.0,0.0,0.0,0.0,0.0,0.0
54.0,20.0,0.0,0.0,0.0,0.0,0.0,0.0,0.0,0.0
54.0,22.0,0.0,0.0,0.0,0.0,0.0,0.0,0.0,0.0
54.0,24.0,0.0,0.0,0.0,0.0,0.0,0.0,0.0,0.0
54.0,26.0,0.0,0.0,0.0,0.0,0.0,0.0,0.0,0.0
54.0,28.0,0.0,0.0,0.0,0.0,0.0,0.0,0.0,0.0
54.0,30.0,0.0,0.0,0.0,0.0,0.0,0.0,0.0,0.0
54.0,32.0,0.0,0.0,0.0,0.0,0.0,0.0,0.0,0.0
54.0,34.0,0.0,0.0,0.0,0.0,0.0,0.0,0.0,0.0
54.0,36.0,0.0,0.0,0.0,0.0,0.0,0.0,0.0,0.0
54.0,38.0,0.0,0.0,0.0,0.0,0.0,0.0,0.0,0.0
54.0,40.0,0.0,0.0,0.0,0.0,0.0,0.0,0.0,0.0
55.0,0.0,3.060979,0.0712696,9.334509,3.792394E-4,0.0,0.0,3.830701E-6,0.18678536
55.0,2.0,0.0,0.0,0.0,0.0,0.0,0.0,0.0,0.0
55.0,4.0,0.0,0.0,0.0,0.0,0.0,0.0,0.0,0.0
55.0,6.0,0.0,0.0,0.0,0.0,0.0,0.0,0.0,0.0
55.0,8.0,0.0,0.0,0.0,0.0,0.0,0.0,0.0,0.0
55.0,10.0,0.0,0.0,0.0,0.0,0.0,0.0,0.0,0.0
55.0,12.0,0.0,0.0,0.0,0.0,0.0,0.0,0.0,0.0
55.0,14.0,0.0,0.0,0.0,0.0,0.0,0.0,0.0,0.0
55.0,16.0,0.0,0.0,0.0,0.0,0.0,0.0,0.0,0.0
55.0,18.0,0.0,0.0,0.0,0.0,0.0,0.0,0.0,0.0
55.0,20.0,0.0,0.0,0.0,0.0,0.0,0.0,0.0,0.0
55.0,22.0,0.0,0.0,0.0,0.0,0.0,0.0,0.0,0.0
55.0,24.0,0.0,0.0,0.0,0.0,0.0,0.0,0.0,0.0
55.0,26.0,0.0,0.0,0.0,0.0,0.0,0.0,0.0,0.0
55.0,28.0,0.0,0.0,0.0,0.0,0.0,0.0,0.0,0.0
55.0,30.0,0.0,0.0,0.0,0.0,0.0,0.0,0.0,0.0
55.0,32.0,0.0,0.0,0.0,0.0,0.0,0.0,0.0,0.0
55.0,34.0,0.0,0.0,0.0,0.0,0.0,0.0,0.0,0.0
55.0,36.0,0.0,0.0,0.0,0.0,0.0,0.0,0.0,0.0
55.0,38.0,0.0,0.0,0.0,0.0,0.0,0.0,0.0,0.0
55.0,40.0,0.0,0.0,0.0,0.0,0.0,0.0,0.0,0.0
56.0,0.0,2.9808984,0.06985137,9.394985,3.6453357E-4,0.0,0.0,3.6821573E-6,0.16889499
56.0,2.0,0.0,0.0,0.0,0.0,0.0,0.0,0.0,0.0
56.0,4.0,0.0,0.0,0.0,0.0,0.0,0.0,0.0,0.0
56.0,6.0,0.0,0.0,0.0,0.0,0.0,0.0,0.0,0.0
56.0,8.0,0.0,0.0,0.0,0.0,0.0,0.0,0.0,0.0
56.0,10.0,0.0,0.0,0.0,0.0,0.0,0.0,0.0,0.0
56.0,12.0,0.0,0.0,0.0,0.0,0.0,0.0,0.0,0.0
56.0,14.0,0.0,0.0,0.0,0.0,0.0,0.0,0.0,0.0
56.0,16.0,0.0,0.0,0.0,0.0,0.0,0.0,0.0,0.0
56.0,18.0,0.0,0.0,0.0,0.0,0.0,0.0,0.0,0.0
56.0,20.0,0.0,0.0,0.0,0.0,0.0,0.0,0.0,0.0
56.0,22.0,0.0,0.0,0.0,0.0,0.0,0.0,0.0,0.0
56.0,24.0,0.0,0.0,0.0,0.0,0.0,0.0,0.0,0.0
56.0,26.0,0.0,0.0,0.0,0.0,0.0,0.0,0.0,0.0
56.0,28.0,0.0,0.0,0.0,0.0,0.0,0.0,0.0,0.0
56.0,30.0,0.0,0.0,0.0,0.0,0.0,0.0,0.0,0.0
56.0,32.0,0.0,0.0,0.0,0.0,0.0,0.0,0.0,0.0
56.0,34.0,0.0,0.0,0.0,0.0,0.0,0.0,0.0,0.0
56.0,36.0,0.0,0.0,0.0,0.0,0.0,0.0,0.0,0.0
56.0,38.0,0.0,0.0,0.0,0.0,0.0,0.0,0.0,0.0
56.0,40.0,0.0,0.0,0.0,0.0,0.0,0.0,0.0,0.0
57.0,0.0,2.9511006,0.067260064,9.009758,3.406689E-4,0.0,0.0,3.4410998E-6,0.13370585
57.0,2.0,0.0,0.0,0.0,0.0,0.0,0.0,0.0,0.0
57.0,4.0,0.0,0.0,0.0,0.0,0.0,0.0,0.0,0.0
57.0,6.0,0.0,0.0,0.0,0.0,0.0,0.0,0.0,0.0
57.0,8.0,0.0,0.0,0.0,0.0,0.0,0.0,0.0,0.0
57.0,10.0,0.0,0.0,0.0,0.0,0.0,0.0,0.0,0.0
57.0,12.0,0.0,0.0,0.0,0.0,0.0,0.0,0.0,0.0
57.0,14.0,0.0,0.0,0.0,0.0,0.0,0.0,0.0,0.0
57.0,16.0,0.0,0.0,0.0,0.0,0.0,0.0,0.0,0.0
57.0,18.0,0.0,0.0,0.0,0.0,0.0,0.0,0.0,0.0
57.0,20.0,0.0,0.0,0.0,0.0,0.0,0.0,0.0,0.0
57.0,22.0,0.0,0.0,0.0,0.0,0.0,0.0,0.0,0.0
57.0,24.0,0.0,0.0,0.0,0.0,0.0,0.0,0.0,0.0
57.0,26.0,0.0,0.0,0.0,0.0,0.0,0.0,0.0,0.0
57.0,28.0,0.0,0.0,0.0,0.0,0.0,0.0,0.0,0.0
57.0,30.0,0.0,0.0,0.0,0.0,0.0,0.0,0.0,0.0
57.0,32.0,0.0,0.0,0.0,0.0,0.0,0.0,0.0,0.0
57.0,34.0,0.0,0.0,0.0,0.0,0.0,0.0,0.0,0.0
57.0,36.0,0.0,0.0,0.0,0.0,0.0,0.0,0.0,0.0
57.0,38.0,0.0,0.0,0.0,0.0,0.0,0.0,0.0,0.0
57.0,40.0,0.0,0.0,0.0,0.0,0.0,0.0,0.0,0.0
58.0,0.0,2.8106108,0.06755287,9.302838,3.5294707E-4,0.0,0.0,3.565122E-6,0.1472645
58.0,2.0,0.0,0.0,0.0,0.0,0.0,0.0,0.0,0.0
58.0,4.0,0.0,0.0,0.0,0.0,0.0,0.0,0.0,0.0
58.0,6.0,0.0,0.0,0.0,0.0,0.0,0.0,0.0,0.0
58.0,8.0,0.0,0.0,0.0,0.0,0.0,0.0,0.0,0.0
58.0,10.0,0.0,0.0,0.0,0.0,0.0,0.0,0.0,0.0
58.0,12.0,0.0,0.0,0.0,0.0,0.0,0.0,0.0,0.0
58.0,14.0,0.0,0.0,0.0,0.0,0.0,0.0,0.0,0.0
58.0,16.0,0.0,0.0,0.0,0.0,0.0,0.0,0.0,0.0
58.0,18.0,0.0,0.0,0.0,0.0,0.0,0.0,0.0,0.0
58.0,20.0,0.0,0.0,0.0,0.0,0.0,0.0,0.0,0.0
58.0,22.0,0.0,0.0,0.0,0.0,0.0,0.0,0.0,0.0
58.0,24.0,0.0,0.0,0.0,0.0,0.0,0.0,0.0,0.0
58.0,26.0,0.0,0.0,0.0,0.0,0.0,0.0,0.0,0.0
58.0,28.0,0.0,0.0,0.0,0.0,0.0,0.0,0.0,0.0
58.0,30.0,0.0,0.0,0.0,0.0,0.0,0.0,0.0,0.0
58.0,32.0,0.0,0.0,0.0,0.0,0.0,0.0,0.0,0.0
58.0,34.0,0.0,0.0,0.0,0.0,0.0,0.0,0.0,0.0
58.0,36.0,0.0,0.0,0.0,0.0,0.0,0.0,0.0,0.0
58.0,38.0,0.0,0.0,0.0,0.0,0.0,0.0,0.0,0.0
58.0,40.0,0.0,0.0,0.0,0.0,0.0,0.0,0.0,0.0
59.0,0.0,3.0003402,0.07194684,8.64545,3.373201E-4,0.0,0.0,3.4072737E-6,0.23050523
59.0,2.0,0.0,0.0,0.0,0.0,0.0,0.0,0.0,0.0
59.0,4.0,0.0,0.0,0.0,0.0,0.0,0.0,0.0,0.0
59.0,6.0,0.0,0.0,0.0,0.0,0.0,0.0,0.0,0.0
59.0,8.0,0.0,0.0,0.0,0.0,0.0,0.0,0.0,0.0
59.0,10.0,0.0,0.0,0.0,0.0,0.0,0.0,0.0,0.0
59.0,12.0,0.0,0.0,0.0,0.0,0.0,0.0,0.0,0.0
59.0,14.0,0.0,0.0,0.0,0.0,0.0,0.0,0.0,0.0
59.0,16.0,0.0,0.0,0.0,0.0,0.0,0.0,0.0,0.0
59.0,18.0,0.0,0.0,0.0,0.0,0.0,0.0,0.0,0.0
59.0,20.0,0.0,0.0,0.0,0.0,0.0,0.0,0.0,0.0
59.0,22.0,0.0,0.0,0.0,0.0,0.0,0.0,0.0,0.0
59.0,24.0,0.0,0.0,0.0,0.0,0.0,0.0,0.0,0.0
59.0,26.0,0.0,0.0,0.0,0.0,0.0,0.0,0.0,0.0
59.0,28.0,0.0,0.0,0.0,0.0,0.0,0.0,0.0,0.0
59.0,30.0,0.0,0.0,0.0,0.0,0.0,0.0,0.0,0.0
59.0,32.0,0.0,0.0,0.0,0.0,0.0,0.0,0.0,0.0
59.0,34.0,0.0,0.0,0.0,0.0,0.0,0.0,0.0,0.0
59.0,36.0,0.0,0.0,0.0,0.0,0.0,0.0,0.0,0.0
59.0,38.0,0.0,0.0,0.0,0.0,0.0,0.0,0.0,0.0
59.0,40.0,0.0,0.0,0.0,0.0,0.0,0.0,0.0,0.0
60.0,0.0,3.0179887,0.05992742,10.399088,3.9489786E-4,0.0,0.0,3.988867E-6,0.14588176
60.0,2.0,0.0,0.0,0.0,0.0,0.0,0.0,0.0,0.0
60.0,4.0,0.0,0.0,0.0,0.0,0.0,0.0,0.0,0.0
60.0,6.0,0.0,0.0,0.0,0.0,0.0,0.0,0.0,0.0
60.0,8.0,0.0,0.0,0.0,0.0,0.0,0.0,0.0,0.0
60.0,10.0,0.0,0.0,0.0,0.0,0.0,0.0,0.0,0.0
60.0,12.0,0.0,0.0,0.0,0.0,0.0,0.0,0.0,0.0
60.0,14.0,0.0,0.0,0.0,0.0,0.0,0.0,0.0,0.0
60.0,16.0,0.0,0.0,0.0,0.0,0.0,0.0,0.0,0.0
60.0,18.0,0.0,0.0,0.0,0.0,0.0,0.0,0.0,0.0
60.0,20.0,0.0,0.0,0.0,0.0,0.0,0.0,0.0,0.0
60.0,22.0,0.0,0.0,0.0,0.0,0.0,0.0,0.0,0.0
60.0,24.0,0.0,0.0,0.0,0.0,0.0,0.0,0.0,0.0
60.0,26.0,0.0,0.0,0.0,0.0,0.0,0.0,0.0,0.0
60.0,28.0,0.0,0.0,0.0,0.0,0.0,0.0,0.0,0.0
60.0,30.0,0.0,0.0,0.0,0.0,0.0,0.0,0.0,0.0
60.0,32.0,0.0,0.0,0.0,0.0,0.0,0.0,0.0,0.0
60.0,34.0,0.0,0.0,0.0,0.0,0.0,0.0,0.0,0.0
60.0,36.0,0.0,0.0,0.0,0.0,0.0,0.0,0.0,0.0
60.0,38.0,0.0,0.0,0.0,0.0,0.0,0.0,0.0,0.0
60.0,40.0,0.0,0.0,0.0,0.0,0.0,0.0,0.0,0.0
61.0,0.0,2.9902046,0.067623004,9.399393,3.5995204E-4,0.0,0.0,3.6358792E-6,0.15640125
61.0,2.0,0.0,0.0,0.0,0.0,0.0,0.0,0.0,0.0
61.0,4.0,0.0,0.0,0.0,0.0,0.0,0.0,0.0,0.0
61.0,6.0,0.0,0.0,0.0,0.0,0.0,0.0,0.0,0.0
61.0,8.0,0.0,0.0,0.0,0.0,0.0,0.0,0.0,0.0
61.0,10.0,0.0,0.0,0.0,0.0,0.0,0.0,0.0,0.0
61.0,12.0,0.0,0.0,0.0,0.0,0.0,0.0,0.0,0.0
61.0,14.0,0.0,0.0,0.0,0.0,0.0,0.0,0.0,0.0
61.0,16.0,0.0,0.0,0.0,0.0,0.0,0.0,0.0,0.0
61.0,18.0,0.0,0.0,0.0,0.0,0.0,0.0,0.0,0.0
61.0,20.0,0.0,0.0,0.0,0.0,0.0,0.0,0.0,0.0
61.0,22.0,0.0,0.0,0.0,0.0,0.0,0.0,0.0,0.0
61.0,24.0,0.0,0.0,0.0,0.0,0.0,0.0,0.0,0.0
61.0,26.0,0.0,0.0,0.0,0.0,0.0,0.0,0.0,0.0
61.0,28.0,0.0,0.0,0.0,0.0,0.0,0.0,0.0,0.0
61.0,30.0,0.0,0.0,0.0,0.0,0.0,0.0,0.0,0.0
61.0,32.0,0.0,0.0,0.0,0.0,0.0,0.0,0.0,0.0
61.0,34.0,0.0,0.0,0.0,0.0,0.0,0.0,0.0,0.0
61.0,36.0,0.0,0.0,0.0,0.0,0.0,0.0,0.0,0.0
61.0,38.0,0.0,0.0,0.0,0.0,0.0,0.0,0.0,0.0
61.0,40.0,0.0,0.0,0.0,0.0,0.0,0.0,0.0,0.0
62.0,0.0,3.0530028,0.068870485,9.138957,3.6070385E-4,0.0,0.0,3.6434733E-6,0.18341418
62.0,2.0,0.0,0.0,0.0,0.0,0.0,0.0,0.0,0.0
62.0,4.0,0.0,0.0,0.0,0.0,0.0,0.0,0.0,0.0
62.0,6.0,0.0,0.0,0.0,0.0,0.0,0.0,0.0,0.0
62.0,8.0,0.0,0.0,0.0,0.0,0.0,0.0,0.0,0.0
62.0,10.0,0.0,0.0,0.0,0.0,0.0,0.0,0.0,0.0
62.0,12.0,0.0,0.0,0.0,0.0,0.0,0.0,0.0,0.0
62.0,14.0,0.0,0.0,0.0,0.0,0.0,0.0,0.0,0.0
62.0,16.0,0.0,0.0,0.0,0.0,0.0,0.0,0.0,0.0
62.0,18.0,0.0,0.0,0.0,0.0,0.0,0.0,0.0,0.0
62.0,20.0,0.0,0.0,0.0,0.0,0.0,0.0,0.0,0.0
62.0,22.0,0.0,0.0,0.0,0.0,0.0,0.0,0.0,0.0
62.0,24.0,0.0,0.0,0.0,0.0,0.0,0.0,0.0,0.0
62.0,26.0,0.0,0.0,0.0,0.0,0.0,0.0,0.0,0.0
62.0,28.0,0.0,0.0,0.0,0.0,0.0,0.0,0.0,0.0
62.0,30.0,0.0,0.0,0.0,0.0,0.0,0.0,0.0,0.0
62.0,32.0,0.0,0.0,0.0,0.0,0.0,0.0,0.0,0.0
62.0,34.0,0.0,0.0,0.0,0.0,0.0,0.0,0.0,0.0
62.0,36.0,0.0,0.0,0.0,0.0,0.0,0.0,0.0,0.0
62.0,38.0,0.0,0.0,0.0,0.0,0.0,0.0,0.0,0.0
62.0,40.0,0.0,0.0,0.0,0.0,0.0,0.0,0.0,0.0
63.0,0.0,3.132367,0.069147356,9.400211,3.5752237E-4,0.0,0.0,3.611337E-6,0.1366653
63.0,2.0,0.0,0.0,0.0,0.0,0.0,0.0,0.0,0.0
63.0,4.0,0.0,0.0,0.0,0.0,0.0,0.0,0.0,0.0
63.0,6.0,0.0,0.0,0.0,0.0,0.0,0.0,0.0,0.0
63.0,8.0,0.0,0.0,0.0,0.0,0.0,0.0,0.0,0.0
63.0,10.0,0.0,0.0,0.0,0.0,0.0,0.0,0.0,0.0
63.0,12.0,0.0,0.0,0.0,0.0,0.0,0.0,0.0,0.0
63.0,14.0,0.0,0.0,0.0,0.0,0.0,0.0,0.0,0.0
63.0,16.0,0.0,0.0,0.0,0.0,0.0,0.0,0.0,0.0
63.0,18.0,0.0,0.0,0.0,0.0,0.0,0.0,0.0,0.0
63.0,20.0,0.0,0.0,0.0,0.0,0.0,0.0,0.0,0.0
63.0,22.0,0.0,0.0,0.0,0.0,0.0,0.0,0.0,0.0
63.0,24.0,0.0,0.0,0.0,0.0,0.0,0.0,0.0,0.0
63.0,26.0,0.0,0.0,0.0,0.0,0.0,0.0,0.0,0.0
63.0,28.0,0.0,0.0,0.0,0.0,0.0,0.0,0.0,0.0
63.0,30.0,0.0,0.0,0.0,0.0,0.0,0.0,0.0,0.0
63.0,32.0,0.0,0.0,0.0,0.0,0.0,0.0,0.0,0.0
63.0,34.0,0.0,0.0,0.0,0.0,0.0,0.0,0.0,0.0
63.0,36.0,0.0,0.0,0.0,0.0,0.0,0.0,0.0,0.0
63.0,38.0,0.0,0.0,0.0,0.0,0.0,0.0,0.0,0.0
63.0,40.0,0.0,0.0,0.0,0.0,0.0,0.0,0.0,0.0
64.0,0.0,2.961278,0.061808072,9.724515,3.680333E-4,0.0,0.0,3.717508E-6,0.15166767
64.0,2.0,0.0,0.0,0.0,0.0,0.0,0.0,0.0,0.0
64.0,4.0,0.0,0.0,0.0,0.0,0.0,0.0,0.0,0.0
64.0,6.0,0.0,0.0,0.0,0.0,0.0,0.0,0.0,0.0
64.0,8.0,0.0,0.0,0.0,0.0,0.0,0.0,0.0,0.0
64.0,10.0,0.0,0.0,0.0,0.0,0.0,0.0,0.0,0.0
64.0,12.0,0.0,0.0,0.0,0.0,0.0,0.0,0.0,0.0
64.0,14.0,0.0,0.0,0.0,0.0,0.0,0.0,0.0,0.0
64.0,16.0,0.0,0.0,0.0,0.0,0.0,0.0,0.0,0.0
64.0,18.0,0.0,0.0,0.0,0.0,0.0,0.0,0.0,0.0
64.0,20.0,0.0,0.0,0.0,0.0,0.0,0.0,0.0,0.0
64.0,22.0,0.0,0.0,0.0,0.0,0.0,0.0,0.0,0.0
64.0,24.0,0.0,0.0,0.0,0.0,0.0,0.0,0.0,0.0
64.0,26.0,0.0,0.0,0.0,0.0,0.0,0.0,0.0,0.0
64.0,28.0,0.0,0.0,0.0,0.0,0.0,0.0,0.0,0.0
64.0,30.0,0.0,0.0,0.0,0.0,0.0,0.0,0.0,0.0
64.0,32.0,0.0,0.0,0.0,0.0,0.0,0.0,0.0,0.0
64.0,34.0,0.0,0.0,0.0,0.0,0.0,0.0,0.0,0.0
64.0,36.0,0.0,0.0,0.0,0.0,0.0,0.0,0.0,0.0
64.0,38.0,0.0,0.0,0.0,0.0,0.0,0.0,0.0,0.0
64.0,40.0,0.0,0.0,0.0,0.0,0.0,0.0,0.0,0.0
65.0,0.0,3.0332816,0.07235541,9.123641,3.5559412E-4,0.0,0.0,3.59186E-6,0.19849905
65.0,2.0,0.0,0.0,0.0,0.0,0.0,0.0,0.0,0.0
65.0,4.0,0.0,0.0,0.0,0.0,0.0,0.0,0.0,0.0
65.0,6.0,0.0,0.0,0.0,0.0,0.0,0.0,0.0,0.0
65.0,8.0,0.0,0.0,0.0,0.0,0.0,0.0,0.0,0.0
65.0,10.0,0.0,0.0,0.0,0.0,0.0,0.0,0.0,0.0
65.0,12.0,0.0,0.0,0.0,0.0,0.0,0.0,0.0,0.0
65.0,14.0,0.0,0.0,0.0,0.0,0.0,0.0,0.0,0.0
65.0,16.0,0.0,0.0,0.0,0.0,0.0,0.0,0.0,0.0
65.0,18.0,0.0,0.0,0.0,0.0,0.0,0.0,0.0,0.0
65.0,20.0,0.0,0.0,0.0,0.0,0.0,0.0,0.0,0.0
65.0,22.0,0.0,0.0,0.0,0.0,0.0,0.0,0.0,0.0
65.0,24.0,0.0,0.0,0.0,0.0,0.0,0.0,0.0,0.0
65.0,26.0,0.0,0.0,0.0,0.0,0.0,0.0,0.0,0.0
65.0,28.0,0.0,0.0,0.0,0.0,0.0,0.0,0.0,0.0
65.0,30.0,0.0,0.0,0.0,0.0,0.0,0.0,0.0,0.0
65.0,32.0,0.0,0.0,0.0,0.0,0.0,0.0,0.0,0.0
65.0,34.0,0.0,0.0,0.0,0.0,0.0,0.0,0.0,0.0
65.0,36.0,0.0,0.0,0.0,0.0,0.0,0.0,0.0,0.0
65.0,38.0,0.0,0.0,0.0,0.0,0.0,0.0,0.0,0.0
65.0,40.0,0.0,0.0,0.0,0.0,0.0,0.0,0.0,0.0
66.0,0.0,2.9063017,0.06644957,8.829279,3.2525032E-4,0.0,0.0,3.2853568E-6,0.18761665
66.0,2.0,0.0,0.0,0.0,0.0,0.0,0.0,0.0,0.0
66.0,4.0,0.0,0.0,0.0,0.0,0.0,0.0,0.0,0.0
66.0,6.0,0.0,0.0,0.0,0.0,0.0,0.0,0.0,0.0
66.0,8.0,0.0,0.0,0.0,0.0,0.0,0.0,0.0,0.0
66.0,10.0,0.0,0.0,0.0,0.0,0.0,0.0,0.0,0.0
66.0,12.0,0.0,0.0,0.0,0.0,0.0,0.0,0.0,0.0
66.0,14.0,0.0,0.0,0.0,0.0,0.0,0.0,0.0,0.0
66.0,16.0,0.0,0.0,0.0,0.0,0.0,0.0,0.0,0.0
66.0,18.0,0.0,0.0,0.0,0.0,0.0,0.0,0.0,0.0
66.0,20.0,0.0,0.0,0.0,0.0,0.0,0.0,0.0,0.0
66.0,22.0,0.0,0.0,0.0,0.0,0.0,0.0,0.0,0.0
66.0,24.0,0.0,0.0,0.0,0.0,0.0,0.0,0.0,0.0
66.0,26.0,0.0,0.0,0.0,0.0,0.0,0.0,0.0,0.0
66.0,28.0,0.0,0.0,0.0,0.0,0.0,0.0,0.0,0.0
66.0,30.0,0.0,0.0,0.0,0.0,0.0,0.0,0.0,0.0
66.0,32.0,0.0,0.0,0.0,0.0,0.0,0.0,0.0,0.0
66.0,34.0,0.0,0.0,0.0,0.0,0.0,0.0,0.0,0.0
66.0,36.0,0.0,0.0,0.0,0.0,0.0,0.0,0.0,0.0
66.0,38.0,0.0,0.0,0.0,0.0,0.0,0.0,0.0,0.0
66.0,40.0,0.0,0.0,0.0,0.0,0.0,0.0,0.0,0.0
67.0,0.0,3.0050359,0.061096545,10.183662,4.1797475E-4,0.0,0.0,4.221967E-6,0.1329187
67.0,2.0,0.0,0.0,0.0,0.0,0.0,0.0,0.0,0.0
67.0,4.0,0.0,0.0,0.0,0.0,0.0,0.0,0.0,0.0
67.0,6.0,0.0,0.0,0.0,0.0,0.0,0.0,0.0,0.0
67.0,8.0,0.0,0.0,0.0,0.0,0.0,0.0,0.0,0.0
67.0,10.0,0.0,0.0,0.0,0.0,0.0,0.0,0.0,0.0
67.0,12.0,0.0,0.0,0.0,0.0,0.0,0.0,0.0,0.0
67.0,14.0,0.0,0.0,0.0,0.0,0.0,0.0,0.0,0.0
67.0,16.0,0.0,0.0,0.0,0.0,0.0,0.0,0.0,0.0
67.0,18.0,0.0,0.0,0.0,0.0,0.0,0.0,0.0,0.0
67.0,20.0,0.0,0.0,0.0,0.0,0.0,0.0,0.0,0.0
67.0,22.0,0.0,0.0,0.0,0.0,0.0,0.0,0.0,0.0
67.0,24.0,0.0,0.0,0.0,0.0,0.0,0.0,0.0,0.0
67.0,26.0,0.0,0.0,0.0,0.0,0.0,0.0,0.0,0.0
67.0,28.0,0.0,0.0,0.0,0.0,0.0,0.0,0.0,0.0
67.0,30.0,0.0,0.0,0.0,0.0,0.0,0.0,0.0,0.0
67.0,32.0,0.0,0.0,0.0,0.0,0.0,0.0,0.0,0.0
67.0,34.0,0.0,0.0,0.0,0.0,0.0,0.0,0.0,0.0
67.0,36.0,0.0,0.0,0.0,0.0,0.0,0.0,0.0,0.0
67.0,38.0,0.0,0.0,0.0,0.0,0.0,0.0,0.0,0.0
67.0,40.0,0.0,0.0,0.0,0.0,0.0,0.0,0.0,0.0
68.0,0.0,2.8500273,0.07806024,8.770664,3.777428E-4,0.0,0.0,3.815584E-6,0.20445777
68.0,2.0,0.0,0.0,0.0,0.0,0.0,0.0,0.0,0.0
68.0,4.0,0.0,0.0,0.0,0.0,0.0,0.0,0.0,0.0
68.0,6.0,0.0,0.0,0.0,0.0,0.0,0.0,0.0,0.0
68.0,8.0,0.0,0.0,0.0,0.0,0.0,0.0,0.0,0.0
68.0,10.0,0.0,0.0,0.0,0.0,0.0,0.0,0.0,0.0
68.0,12.0,0.0,0.0,0.0,0.0,0.0,0.0,0.0,0.0
68.0,14.0,0.0,0.0,0.0,0.0,0.0,0.0,0.0,0.0
68.0,16.0,0.0,0.0,0.0,0.0,0.0,0.0,0.0,0.0
68.0,18.0,0.0,0.0,0.0,0.0,0.0,0.0,0.0,0.0
68.0,20.0,0.0,0.0,0.0,0.0,0.0,0.0,0.0,0.0
68.0,22.0,0.0,0.0,0.0,0.0,0.0,0.0,0.0,0.0
68.0,24.0,0.0,0.0,0.0,0.0,0.0,0.0,0.0,0.0
68.0,26.0,0.0,0.0,0.0,0.0,0.0,0.0,0.0,0.0
68.0,28.0,0.0,0.0,0.0,0.0,0.0,0.0,0.0,0.0
68.0,30.0,0.0,0.0,0.0,0.0,0.0,0.0,0.0,0.0
68.0,32.0,0.0,0.0,0.0,0.0,0.0,0.0,0.0,0.0
68.0,34.0,0.0,0.0,0.0,0.0,0.0,0.0,0.0,0.0
68.0,36.0,0.0,0.0,0.0,0.0,0.0,0.0,0.0,0.0
68.0,38.0,0.0,0.0,0.0,0.0,0.0,0.0,0.0,0.0
68.0,40.0,0.0,0.0,0.0,0.0,0.0,0.0,0.0,0.0
69.0,0.0,2.7468972,0.06855602,8.771871,3.3616208E-4,0.0,0.0,3.3955764E-6,0.1708234
69.0,2.0,0.0,0.0,0.0,0.0,0.0,0.0,0.0,0.0
69.0,4.0,0.0,0.0,0.0,0.0,0.0,0.0,0.0,0.0
69.0,6.0,0.0,0.0,0.0,0.0,0.0,0.0,0.0,0.0
69.0,8.0,0.0,0.0,0.0,0.0,0.0,0.0,0.0,0.0
69.0,10.0,0.0,0.0,0.0,0.0,0.0,0.0,0.0,0.0
69.0,12.0,0.0,0.0,0.0,0.0,0.0,0.0,0.0,0.0
69.0,14.0,0.0,0.0,0.0,0.0,0.0,0.0,0.0,0.0
69.0,16.0,0.0,0.0,0.0,0.0,0.0,0.0,0.0,0.0
69.0,18.0,0.0,0.0,0.0,0.0,0.0,0.0,0.0,0.0
69.0,20.0,0.0,0.0,0.0,0.0,0.0,0.0,0.0,0.0
69.0,22.0,0.0,0.0,0.0,0.0,0.0,0.0,0.0,0.0
69.0,24.0,0.0,0.0,0.0,0.0,0.0,0.0,0.0,0.0
69.0,26.0,0.0,0.0,0.0,0.0,0.0,0.0,0.0,0.0
69.0,28.0,0.0,0.0,0.0,0.0,0.0,0.0,0.0,0.0
69.0,30.0,0.0,0.0,0.0,0.0,0.0,0.0,0.0,0.0
69.0,32.0,0.0,0.0,0.0,0.0,0.0,0.0,0.0,0.0
69.0,34.0,0.0,0.0,0.0,0.0,0.0,0.0,0.0,0.0
69.0,36.0,0.0,0.0,0.0,0.0,0.0,0.0,0.0,0.0
69.0,38.0,0.0,0.0,0.0,0.0,0.0,0.0,0.0,0.0
69.0,40.0,0.0,0.0,0.0,0.0,0.0,0.0,0.0,0.0
70.0,0.0,2.9256139,0.072892465,8.248234,3.1956992E-4,0.0,0.0,3.2279788E-6,0.22575784
70.0,2.0,0.0,0.0,0.0,0.0,0.0,0.0,0.0,0.0
70.0,4.0,0.0,0.0,0.0,0.0,0.0,0.0,0.0,0.0
70.0,6.0,0.0,0.0,0.0,0.0,0.0,0.0,0.0,0.0
70.0,8.0,0.0,0.0,0.0,0.0,0.0,0.0,0.0,0.0
70.0,10.0,0.0,0.0,0.0,0.0,0.0,0.0,0.0,0.0
70.0,12.0,0.0,0.0,0.0,0.0,0.0,0.0,0.0,0.0
70.0,14.0,0.0,0.0,0.0,0.0,0.0,0.0,0.0,0.0
70.0,16.0,0.0,0.0,0.0,0.0,0.0,0.0,0.0,0.0
70.0,18.0,0.0,0.0,0.0,0.0,0.0,0.0,0.0,0.0
70.0,20.0,0.0,0.0,0.0,0.0,0.0,0.0,0.0,0.0
70.0,22.0,0.0,0.0,0.0,0.0,0.0,0.0,0.0,0.0
70.0,24.0,0.0,0.0,0.0,0.0,0.0,0.0,0.0,0.0
70.0,26.0,0.0,0.0,0.0,0.0,0.0,0.0,0.0,0.0
70.0,28.0,0.0,0.0,0.0,0.0,0.0,0.0,0.0,0.0
70.0,30.0,0.0,0.0,0.0,0.0,0.0,0.0,0.0,0.0
70.0,32.0,0.0,0.0,0.0,0.0,0.0,0.0,0.0,0.0
70.0,34.0,0.0,0.0,0.0,0.0,0.0,0.0,0.0,0.0
70.0,36.0,0.0,0.0,0.0,0.0,0.0,0.0,0.0,0.0
70.0,38.0,0.0,0.0,0.0,0.0,0.0,0.0,0.0,0.0
70.0,40.0,0.0,0.0,0.0,0.0,0.0,0.0,0.0,0.0
71.0,0.0,2.9531043,0.06279669,10.416016,4.251557E-4,0.0,0.0,4.294502E-6,0.14256889
71.0,2.0,0.0,0.0,0.0,0.0,0.0,0.0,0.0,0.0
71.0,4.0,0.0,0.0,0.0,0.0,0.0,0.0,0.0,0.0
71.0,6.0,0.0,0.0,0.0,0.0,0.0,0.0,0.0,0.0
71.0,8.0,0.0,0.0,0.0,0.0,0.0,0.0,0.0,0.0
71.0,10.0,0.0,0.0,0.0,0.0,0.0,0.0,0.0,0.0
71.0,12.0,0.0,0.0,0.0,0.0,0.0,0.0,0.0,0.0
71.0,14.0,0.0,0.0,0.0,0.0,0.0,0.0,0.0,0.0
71.0,16.0,0.0,0.0,0.0,0.0,0.0,0.0,0.0,0.0
71.0,18.0,0.0,0.0,0.0,0.0,0.0,0.0,0.0,0.0
71.0,20.0,0.0,0.0,0.0,0.0,0.0,0.0,0.0,0.0
71.0,22.0,0.0,0.0,0.0,0.0,0.0,0.0,0.0,0.0
71.0,24.0,0.0,0.0,0.0,0.0,0.0,0.0,0.0,0.0
71.0,26.0,0.0,0.0,0.0,0.0,0.0,0.0,0.0,0.0
71.0,28.0,0.0,0.0,0.0,0.0,0.0,0.0,0.0,0.0
71.0,30.0,0.0,0.0,0.0,0.0,0.0,0.0,0.0,0.0
71.0,32.0,0.0,0.0,0.0,0.0,0.0,0.0,0.0,0.0
71.0,34.0,0.0,0.0,0.0,0.0,0.0,0.0,0.0,0.0
71.0,36.0,0.0,0.0,0.0,0.0,0.0,0.0,0.0,0.0
71.0,38.0,0.0,0.0,0.0,0.0,0.0,0.0,0.0,0.0
71.0,40.0,0.0,0.0,0.0,0.0,0.0,0.0,0.0,0.0
72.0,0.0,2.8372092,0.06936701,8.545383,3.292044E-4,0.0,0.0,3.3252968E-6,0.14495526
72.0,2.0,0.0,0.0,0.0,0.0,0.0,0.0,0.0,0.0
72.0,4.0,0.0,0.0,0.0,0.0,0.0,0.0,0.0,0.0
72.0,6.0,0.0,0.0,0.0,0.0,0.0,0.0,0.0,0.0
72.0,8.0,0.0,0.0,0.0,0.0,0.0,0.0,0.0,0.0
72.0,10.0,0.0,0.0,0.0,0.0,0.0,0.0,0.0,0.0
72.0,12.0,0.0,0.0,0.0,0.0,0.0,0.0,0.0,0.0
72.0,14.0,0.0,0.0,0.0,0.0,0.0,0.0,0.0,0.0
72.0,16.0,0.0,0.0,0.0,0.0,0.0,0.0,0.0,0.0
72.0,18.0,0.0,0.0,0.0,0.0,0.0,0.0,0.0,0.0
72.0,20.0,0.0,0.0,0.0,0.0,0.0,0.0,0.0,0.0
72.0,22.0,0.0,0.0,0.0,0.0,0.0,0.0,0.0,0.0
72.0,24.0,0.0,0.0,0.0,0.0,0.0,0.0,0.0,0.0
72.0,26.0,0.0,0.0,0.0,0.0,0.0,0.0,0.0,0.0
72.0,28.0,0.0,0.0,0.0,0.0,0.0,0.0,0.0,0.0
72.0,30.0,0.0,0.0,0.0,0.0,0.0,0.0,0.0,0.0
72.0,32.0,0.0,0.0,0.0,0.0,0.0,0.0,0.0,0.0
72.0,34.0,0.0,0.0,0.0,0.0,0.0,0.0,0.0,0.0
72.0,36.0,0.0,0.0,0.0,0.0,0.0,0.0,0.0,0.0
72.0,38.0,0.0,0.0,0.0,0.0,0.0,0.0,0.0,0.0
72.0,40.0,0.0,0.0,0.0,0.0,0.0,0.0,0.0,0.0
73.0,0.0,2.7039168,0.07200351,9.111583,3.386013E-4,0.0,0.0,3.4202153E-6,0.17013969
73.0,2.0,0.0,0.0,0.0,0.0,0.0,0.0,0.0,0.0
73.0,4.0,0.0,0.0,0.0,0.0,0.0,0.0,0.0,0.0
73.0,6.0,0.0,0.0,0.0,0.0,0.0,0.0,0.0,0.0
73.0,8.0,0.0,0.0,0.0,0.0,0.0,0.0,0.0,0.0
73.0,10.0,0.0,0.0,0.0,0.0,0.0,0.0,0.0,0.0
73.0,12.0,0.0,0.0,0.0,0.0,0.0,0.0,0.0,0.0
73.0,14.0,0.0,0.0,0.0,0.0,0.0,0.0,0.0,0.0
73.0,16.0,0.0,0.0,0.0,0.0,0.0,0.0,0.0,0.0
73.0,18.0,0.0,0.0,0.0,0.0,0.0,0.0,0.0,0.0
73.0,20.0,0.0,0.0,0.0,0.0,0.0,0.0,0.0,0.0
73.0,22.0,0.0,0.0,0.0,0.0,0.0,0.0,0.0,0.0
73.0,24.0,0.0,0.0,0.0,0.0,0.0,0.0,0.0,0.0
73.0,26.0,0.0,0.0,0.0,0.0,0.0,0.0,0.0,0.0
73.0,28.0,0.0,0.0,0.0,0.0,0.0,0.0,0.0,0.0
73.0,30.0,0.0,0.0,0.0,0.0,0.0,0.0,0.0,0.0
73.0,32.0,0.0,0.0,0.0,0.0,0.0,0.0,0.0,0.0
73.0,34.0,0.0,0.0,0.0,0.0,0.0,0.0,0.0,0.0
73.0,36.0,0.0,0.0,0.0,0.0,0.0,0.0,0.0,0.0
73.0,38.0,0.0,0.0,0.0,0.0,0.0,0.0,0.0,0.0
73.0,40.0,0.0,0.0,0.0,0.0,0.0,0.0,0.0,0.0
74.0,0.0,2.723428,0.07833184,8.574261,3.022759E-4,0.0,0.0,3.053292E-6,0.19431667
74.0,2.0,0.0,0.0,0.0,0.0,0.0,0.0,0.0,0.0
74.0,4.0,0.0,0.0,0.0,0.0,0.0,0.0,0.0,0.0
74.0,6.0,0.0,0.0,0.0,0.0,0.0,0.0,0.0,0.0
74.0,8.0,0.0,0.0,0.0,0.0,0.0,0.0,0.0,0.0
74.0,10.0,0.0,0.0,0.0,0.0,0.0,0.0,0.0,0.0
74.0,12.0,0.0,0.0,0.0,0.0,0.0,0.0,0.0,0.0
74.0,14.0,0.0,0.0,0.0,0.0,0.0,0.0,0.0,0.0
74.0,16.0,0.0,0.0,0.0,0.0,0.0,0.0,0.0,0.0
74.0,18.0,0.0,0.0,0.0,0.0,0.0,0.0,0.0,0.0
74.0,20.0,0.0,0.0,0.0,0.0,0.0,0.0,0.0,0.0
74.0,22.0,0.0,0.0,0.0,0.0,0.0,0.0,0.0,0.0
74.0,24.0,0.0,0.0,0.0,0.0,0.0,0.0,0.0,0.0
74.0,26.0,0.0,0.0,0.0,0.0,0.0,0.0,0.0,0.0
74.0,28.0,0.0,0.0,0.0,0.0,0.0,0.0,0.0,0.0
74.0,30.0,0.0,0.0,0.0,0.0,0.0,0.0,0.0,0.0
74.0,32.0,0.0,0.0,0.0,0.0,0.0,0.0,0.0,0.0
74.0,34.0,0.0,0.0,0.0,0.0,0.0,0.0,0.0,0.0
74.0,36.0,0.0,0.0,0.0,0.0,0.0,0.0,0.0,0.0
74.0,38.0,0.0,0.0,0.0,0.0,0.0,0.0,0.0,0.0
74.0,40.0,0.0,0.0,0.0,0.0,0.0,0.0,0.0,0.0
75.0,0.0,3.0023816,0.07173605,9.156243,3.704026E-4,0.0,0.0,3.7414402E-6,0.18838236
75.0,2.0,0.0,0.0,0.0,0.0,0.0,0.0,0.0,0.0
75.0,4.0,0.0,0.0,0.0,0.0,0.0,0.0,0.0,0.0
75.0,6.0,0.0,0.0,0.0,0.0,0.0,0.0,0.0,0.0
75.0,8.0,0.0,0.0,0.0,0.0,0.0,0.0,0.0,0.0
75.0,10.0,0.0,0.0,0.0,0.0,0.0,0.0,0.0,0.0
75.0,12.0,0.0,0.0,0.0,0.0,0.0,0.0,0.0,0.0
75.0,14.0,0.0,0.0,0.0,0.0,0.0,0.0,0.0,0.0
75.0,16.0,0.0,0.0,0.0,0.0,0.0,0.0,0.0,0.0
75.0,18.0,0.0,0.0,0.0,0.0,0.0,0.0,0.0,0.0
75.0,20.0,0.0,0.0,0.0,0.0,0.0,0.0,0.0,0.0
75.0,22.0,0.0,0.0,0.0,0.0,0.0,0.0,0.0,0.0
75.0,24.0,0.0,0.0,0.0,0.0,0.0,0.0,0.0,0.0
75.0,26.0,0.0,0.0,0.0,0.0,0.0,0.0,0.0,0.0
75.0,28.0,0.0,0.0,0.0,0.0,0.0,0.0,0.0,0.0
75.0,30.0,0.0,0.0,0.0,0.0,0.0,0.0,0.0,0.0
75.0,32.0,0.0,0.0,0.0,0.0,0.0,0.0,0.0,0.0
75.0,34.0,0.0,0.0,0.0,0.0,0.0,0.0,0.0,0.0
75.0,36.0,0.0,0.0,0.0,0.0,0.0,0.0,0.0,0.0
75.0,38.0,0.0,0.0,0.0,0.0,0.0,0.0,0.0,0.0
75.0,40.0,0.0,0.0,0.0,0.0,0.0,0.0,0.0,0.0
76.0,0.0,3.1242201,0.073209465,8.624086,3.0247142E-4,0.0,0.0,3.055267E-6,0.2111728
76.0,2.0,0.0,0.0,0.0,0.0,0.0,0.0,0.0,0.0
76.0,4.0,0.0,0.0,0.0,0.0,0.0,0.0,0.0,0.0
76.0,6.0,0.0,0.0,0.0,0.0,0.0,0.0,0.0,0.0
76.0,8.0,0.0,0.0,0.0,0.0,0.0,0.0,0.0,0.0
76.0,10.0,0.0,0.0,0.0,0.0,0.0,0.0,0.0,0.0
76.0,12.0,0.0,0.0,0.0,0.0,0.0,0.0,0.0,0.0
76.0,14.0,0.0,0.0,0.0,0.0,0.0,0.0,0.0,0.0
76.0,16.0,0.0,0.0,0.0,0.0,0.0,0.0,0.0,0.0
76.0,18.0,0.0,0.0,0.0,0.0,0.0,0.0,0.0,0.0
76.0,20.0,0.0,0.0,0.0,0.0,0.0,0.0,0.0,0.0
76.0,22.0,0.0,0.0,0.0,0.0,0.0,0.0,0.0,0.0
76.0,24.0,0.0,0.0,0.0,0.0,0.0,0.0,0.0,0.0
76.0,26.0,0.0,0.0,0.0,0.0,0.0,0.0,0.0,0.0
76.0,28.0,0.0,0.0,0.0,0.0,0.0,0.0,0.0,0.0
76.0,30.0,0.0,0.0,0.0,0.0,0.0,0.0,0.0,0.0
76.0,32.0,0.0,0.0,0.0,0.0,0.0,0.0,0.0,0.0
76.0,34.0,0.0,0.0,0.0,0.0,0.0,0.0,0.0,0.0
76.0,36.0,0.0,0.0,0.0,0.0,0.0,0.0,0.0,0.0
76.0,38.0,0.0,0.0,0.0,0.0,0.0,0.0,0.0,0.0
76.0,40.0,0.0,0.0,0.0,0.0,0.0,0.0,0.0,0.0
77.0,0.0,3.1731346,0.058534175,9.750937,3.6893992E-4,0.0,0.0,3.726666E-6,0.12659314
77.0,2.0,0.0,0.0,0.0,0.0,0.0,0.0,0.0,0.0
77.0,4.0,0.0,0.0,0.0,0.0,0.0,0.0,0.0,0.0
77.0,6.0,0.0,0.0,0.0,0.0,0.0,0.0,0.0,0.0
77.0,8.0,0.0,0.0,0.0,0.0,0.0,0.0,0.0,0.0
77.0,10.0,0.0,0.0,0.0,0.0,0.0,0.0,0.0,0.0
77.0,12.0,0.0,0.0,0.0,0.0,0.0,0.0,0.0,0.0
77.0,14.0,0.0,0.0,0.0,0.0,0.0,0.0,0.0,0.0
77.0,16.0,0.0,0.0,0.0,0.0,0.0,0.0,0.0,0.0
77.0,18.0,0.0,0.0,0.0,0.0,0.0,0.0,0.0,0.0
77.0,20.0,0.0,0.0,0.0,0.0,0.0,0.0,0.0,0.0
77.0,22.0,0.0,0.0,0.0,0.0,0.0,0.0,0.0,0.0
77.0,24.0,0.0,0.0,0.0,0.0,0.0,0.0,0.0,0.0
77.0,26.0,0.0,0.0,0.0,0.0,0.0,0.0,0.0,0.0
77.0,28.0,0.0,0.0,0.0,0.0,0.0,0.0,0.0,0.0
77.0,30.0,0.0,0.0,0.0,0.0,0.0,0.0,0.0,0.0
77.0,32.0,0.0,0.0,0.0,0.0,0.0,0.0,0.0,0.0
77.0,34.0,0.0,0.0,0.0,0.0,0.0,0.0,0.0,0.0
77.0,36.0,0.0,0.0,0.0,0.0,0.0,0.0,0.0,0.0
77.0,38.0,0.0,0.0,0.0,0.0,0.0,0.0,0.0,0.0
77.0,40.0,0.0,0.0,0.0,0.0,0.0,0.0,0.0,0.0
78.0,0.0,2.98775,0.060280778,10.127057,4.1525983E-4,0.0,0.0,4.1945436E-6,0.12406163
78.0,2.0,0.0,0.0,0.0,0.0,0.0,0.0,0.0,0.0
78.0,4.0,0.0,0.0,0.0,0.0,0.0,0.0,0.0,0.0
78.0,6.0,0.0,0.0,0.0,0.0,0.0,0.0,0.0,0.0
78.0,8.0,0.0,0.0,0.0,0.0,0.0,0.0,0.0,0.0
78.0,10.0,0.0,0.0,0.0,0.0,0.0,0.0,0.0,0.0
78.0,12.0,0.0,0.0,0.0,0.0,0.0,0.0,0.0,0.0
78.0,14.0,0.0,0.0,0.0,0.0,0.0,0.0,0.0,0.0
78.0,16.0,0.0,0.0,0.0,0.0,0.0,0.0,0.0,0.0
78.0,18.0,0.0,0.0,0.0,0.0,0.0,0.0,0.0,0.0
78.0,20.0,0.0,0.0,0.0,0.0,0.0,0.0,0.0,0.0
78.0,22.0,0.0,0.0,0.0,0.0,0.0,0.0,0.0,0.0
78.0,24.0,0.0,0.0,0.0,0.0,0.0,0.0,0.0,0.0
78.0,26.0,0.0,0.0,0.0,0.0,0.0,0.0,0.0,0.0
78.0,28.0,0.0,0.0,0.0,0.0,0.0,0.0,0.0,0.0
78.0,30.0,0.0,0.0,0.0,0.0,0.0,0.0,0.0,0.0
78.0,32.0,0.0,0.0,0.0,0.0,0.0,0.0,0.0,0.0
78.0,34.0,0.0,0.0,0.0,0.0,0.0,0.0,0.0,0.0
78.0,36.0,0.0,0.0,0.0,0.0,0.0,0.0,0.0,0.0
78.0,38.0,0.0,0.0,0.0,0.0,0.0,0.0,0.0,0.0
78.0,40.0,0.0,0.0,0.0,0.0,0.0,0.0,0.0,0.0
79.0,0.0,2.8712387,0.07138502,9.06912,3.5954628E-4,0.0,0.0,3.6317806E-6,0.18909027
79.0,2.0,0.0,0.0,0.0,0.0,0.0,0.0,0.0,0.0
79.0,4.0,0.0,0.0,0.0,0.0,0.0,0.0,0.0,0.0
79.0,6.0,0.0,0.0,0.0,0.0,0.0,0.0,0.0,0.0
79.0,8.0,0.0,0.0,0.0,0.0,0.0,0.0,0.0,0.0
79.0,10.0,0.0,0.0,0.0,0.0,0.0,0.0,0.0,0.0
79.0,12.0,0.0,0.0,0.0,0.0,0.0,0.0,0.0,0.0
79.0,14.0,0.0,0.0,0.0,0.0,0.0,0.0,0.0,0.0
79.0,16.0,0.0,0.0,0.0,0.0,0.0,0.0,0.0,0.0
79.0,18.0,0.0,0.0,0.0,0.0,0.0,0.0,0.0,0.0
79.0,20.0,0.0,0.0,0.0,0.0,0.0,0.0,0.0,0.0
79.0,22.0,0.0,0.0,0.0,0.0,0.0,0.0,0.0,0.0
79.0,24.0,0.0,0.0,0.0,0.0,0.0,0.0,0.0,0.0
79.0,26.0,0.0,0.0,0.0,0.0,0.0,0.0,0.0,0.0
79.0,28.0,0.0,0.0,0.0,0.0,0.0,0.0,0.0,0.0
79.0,30.0,0.0,0.0,0.0,0.0,0.0,0.0,0.0,0.0
79.0,32.0,0.0,0.0,0.0,0.0,0.0,0.0,0.0,0.0
79.0,34.0,0.0,0.0,0.0,0.0,0.0,0.0,0.0,0.0
79.0,36.0,0.0,0.0,0.0,0.0,0.0,0.0,0.0,0.0
79.0,38.0,0.0,0.0,0.0,0.0,0.0,0.0,0.0,0.0
79.0,40.0,0.0,0.0,0.0,0.0,0.0,0.0,0.0,0.0
80.0,0.0,3.1062977,0.06329276,10.217785,4.1553966E-4,0.0,0.0,4.1973703E-6,0.14625056
80.0,2.0,0.0,0.0,0.0,0.0,0.0,0.0,0.0,0.0
80.0,4.0,0.0,0.0,0.0,0.0,0.0,0.0,0.0,0.0
80.0,6.0,0.0,0.0,0.0,0.0,0.0,0.0,0.0,0.0
80.0,8.0,0.0,0.0,0.0,0.0,0.0,0.0,0.0,0.0
80.0,10.0,0.0,0.0,0.0,0.0,0.0,0.0,0.0,0.0
80.0,12.0,0.0,0.0,0.0,0.0,0.0,0.0,0.0,0.0
80.0,14.0,0.0,0.0,0.0,0.0,0.0,0.0,0.0,0.0
80.0,16.0,0.0,0.0,0.0,0.0,0.0,0.0,0.0,0.0
80.0,18.0,0.0,0.0,0.0,0.0,0.0,0.0,0.0,0.0
80.0,20.0,0.0,0.0,0.0,0.0,0.0,0.0,0.0,0.0
80.0,22.0,0.0,0.0,0.0,0.0,0.0,0.0,0.0,0.0
80.0,24.0,0.0,0.0,0.0,0.0,0.0,0.0,0.0,0.0
80.0,26.0,0.0,0.0,0.0,0.0,0.0,0.0,0.0,0.0
80.0,28.0,0.0,0.0,0.0,0.0,0.0,0.0,0.0,0.0
80.0,30.0,0.0,0.0,0.0,0.0,0.0,0.0,0.0,0.0
80.0,32.0,0.0,0.0,0.0,0.0,0.0,0.0,0.0,0.0
80.0,34.0,0.0,0.0,0.0,0.0,0.0,0.0,0.0,0.0
80.0,36.0,0.0,0.0,0.0,0.0,0.0,0.0,0.0,0.0
80.0,38.0,0.0,0.0,0.0,0.0,0.0,0.0,0.0,0.0
80.0,40.0,0.0,0.0,0.0,0.0,0.0,0.0,0.0,0.0
